XO..XXOOX,0.9994300552407314
O.X.XOXOX,0.9999671438188182
.X.X...O.,0.5651593769790684
..X.XO.OX,0.9990434062
OX.X..XO.,0.699668352
X.XOO...X,0.1589852642563461
XOOXXXO..,0.9999770006731727
XXXXOO..O,0.9999986741345771
X.OX..OX.,0.5099862157182163
XO..XX..O,0.9332439183696453
OOXXO.X.X,0.47868336717428855
X...XOO.X,0.9998045089475709
XXOO..X..,0.05726138378906248
X.X.XOOXO,0.9949887021211907
XXXXOOOOX,0.9999999999999999
.XX..X.OO,0.3605470741329496
..XOX....,0.4201990374717777
.OX.O.XX.,0.4286825436551214
O.XX.XOXO,0.3841177206866392
X....O.X.,0.24927725222724906
.X.OXXXOO,0.9999107089549151
XO.X.OX..,0.9997207270679583
..XXXOXOO,0.9999839004712209
OXO.OX.XX,0.342820685754197
X..O..OXX,0.4541446123913313
O.XOXOX.X,0.9999999992594434
XX..OOX..,0.6455071692584624
.XXXXOOO.,0.0588245
OXXO...X.,1.325048674944669E-4
O...XX.XO,0.9992666600045936
OXX..XXOO,0.3893495452324087
X.XXO.XOO,0.9999999999999999
.XXXOXO.O,1.778076512588684E-10
.OX..XOX.,0.986606866432
O.XOX.X..,0.9999999999997105
XO......X,0.4741966491816416
..OOXXXOX,0.9988107955228998
.OXOXX.OX,0.999999071894204
XOX..O.X.,0.8670958479847435
OOXOXXXOX,0.9999999999999999
OXXO.XX.O,0.8323385576436801
XO.XXO.XO,0.0588245
.O...OXXX,0.9996010386685119
XXO..OXOX,0.9999978786890674
XO..OXXXO,0.993318269494921
OXOOXXX..,0.9949887021211907
XO.OXXO.X,0.9999944778616288
..X.X..O.,0.6697368565682428
XO.XOXOX.,0.0023737807549715005
XXO.OX.OX,1.368437367004046E-4
O..XO.X.X,0.5677882539861991
..O.X.X..,0.6415034423493416
..XOXO..X,0.40010494702234983
O.X.OXX..,0.16227636027077283
XX..O.X.O,0.9999999676543432
OXOOX..XX,0.9999999737833084
X.O..XO.X,0.46136943020143617
XXOOOX..X,2.7927293204164206E-4
XXXO...O.,0.9997207270679583
X.XXOOXO.,0.9999999994816103
.X.O..XOX,0.9854972625672316
..XXOO.X.,0.496872053430271
XOXX.XO.O,0.0201768035
OX.OOXXX.,0.7541182847965423
...X.O.X.,0.6990279017971284
XXX.XOOO.,0.9999998908092812
.X..O...X,0.27217752984942684
..OXO.X.X,0.9999999993461233
.XO.X.O.X,0.9287652211135746
.X..XOX.O,0.2824160515855869
.XXOO.XOX,0.5942965332072353
.OO.XXOXX,0.6979358702918612
OXX.OXO.X,0.9999999999991558
O.X.O..XX,0.9999999887617754
OXXXO.OX.,6.294627649265947E-9
XX.X.OOXO,0.9924128020501963
....O.XX.,0.9616253578921221
.XXOXOX.O,0.9999921112308983
.XX.O..XO,0.3156408604765726
XXXXO.OO.,0.9999999999999997
XX.....O.,0.7305664583845043
X..OXXOXO,0.9994983043612233
..O.XOX.X,0.9709118138924818
.X..O.OXX,3.515834900222165E-5
OXX.OOXX.,7.405566483084896E-10
OX..O.X.X,0.9225703523750213
.O.XXXOXO,0.9998045089475709
XOO.XXX.O,0.9949887021211907
...X...XO,0.35768202451021813
OO..XXOXX,6.735686192471394E-16
XOX.XOO.X,0.999999681659712
XXOOX..OX,0.9999042093843097
XXOO.OX.X,0.8555788707685423
.OX.X....,0.8107762478068821
XOX.O...X,0.011534837019588996
.X.X.XO.O,0.12321959393551543
OOX.X.X..,0.9999839004712209
..X...X.O,0.9500003907030086
X...X.O..,0.7419520161366429
XOOX.X.OX,0.9662014267146293
OXXO.O.XX,2.7180923348631702E-17
OXXXO.XO.,3.285618118176715E-5
XOO.XO.XX,0.9999972941521982
O..X.OXX.,0.7615391004110897
.XX.OO.X.,0.010473910997427326
O.OXXXOX.,0.9999999998221923
.OO.XXXOX,0.5456075174414899
..XXO..XO,0.49888527233536306
.XX..OO.X,0.512175380312814
XXOXOXXOO,0.9999999999999999
OX..XX.O.,0.5960898461779065
.O.X....X,0.7496469970522412
XOOO.XXX.,0.9999623303403548
XXX.OXO.O,0.9999999999997105
..OO..XXX,0.9999770006731727
.XOXOX.XO,7.643350315971292E-8
X..O....X,0.3881547824544097
.OXX.O.X.,0.9942353924769658
OXX.X.OXO,0.999999999999996
XOOXX..OX,0.9999887303298546
OXX.XOOX.,0.9999961345031402
OX.XOX.OX,0.9881213679909706
.OX..XXO.,0.3954455069464888
O.XXOOXX.,0.3588555027563132
OOX.XOX.X,0.9999999464965478
.O.XOXXXO,0.6247100750812258
XX.OOXXO.,0.9997177962031881
..X..OX..,0.5767207496938735
OO..OXXXX,0.9999999999701159
X.X.O..XO,0.9957236924767494
.XXO.XOOX,0.9999839004712209
XOXOXX..O,0.9993310724816311
.XOX.OXOX,0.9999107089549151
OXOX....X,0.2257789005022255
.X.XOOX..,0.4941112469424801
X...XX.OO,0.19968576963719803
X.X.OO.X.,0.0991350237736746
....OOXXX,0.9999999999999999
X.OX.O..X,0.924546056731146
OX.X.OOXX,0.9988107955228998
OXX..XOXO,3.5158382394417817E-12
.....XOX.,0.5473066253792447
.XOOXX...,0.9891790983331841
..OX.XO.X,0.2067730871937117
.X.XO.X.O,0.27875155725313316
X..XO.O.X,0.18589107843087171
..XO.XXO.,0.9996771495925
.OOXXO.XX,0.8848789138972966
.X.OOX.X.,0.2185379082352755
XXXO.O.OX,0.9999999816483158
.XXO.X..O,0.6125999638272555
OXXXOOOXX,0.5
OOXX.XO.X,0.9998045089475709
XOXO..OXX,0.9999988067626004
.OXXXOX.O,0.9999671438188182
X......XO,0.30136342588719345
.X.OXXOXO,0.9999999994816103
OX.....X.,0.37696763135680533
XX...XO.O,0.3728844228991503
X..XOOX..,0.9999999999999305
O..X..XXO,0.08571503110869448
XOXOXXOOX,0.9999999999999999
.OXXO...X,0.3604490008894783
O.XO.X..X,0.9999999999999999
XXX.O.XOO,0.9999999969156325
XX.OOXOX.,0.4571393190483065
OXXXOOXOX,0.5
.XOX.OOXX,0.893327823767762
OOXO..XXX,0.9999921112308983
XO..XXOXO,0.993318269494921
XX.OXXOO.,0.8855264854542008
OOX..XX..,0.9700132418643228
XX.XOOO.X,0.10863283016336363
XXXXOOOXO,0.9999999999999999
X.XOO.OXX,0.3372201217329228
.X.XXOO..,0.9186900811594021
X.OX.....,0.8555153491948169
X.OOXX...,0.9952760800000001
.O.OXXX..,0.999065560032023
OOX....XX,0.9965199872732633
.O.X..XOX,0.3919563846637558
X.XXOOOX.,0.991091025993228
.X...XOOX,0.5837043216123157
OXOX..OXX,0.562409706187631
OOXX..XXO,0.19332954606929004
O.O...XXX,0.9999999999999999
X.XXXOOO.,0.7981667000091206
.XO..XO.X,0.4021955284030474
.X.XX.O.O,0.17226301448682355
..OX...X.,0.47551618622968017
O..XOX.X.,0.028211401442138018
XOOOX.XX.,0.9999717477552661
XXX.OOXO.,0.9999839004712209
.OX..X...,0.9134099261334135
X..X.XO.O,0.19435940600586882
.XO.O.X.X,0.9985567462109028
.O.OX..XX,0.8676395770709324
.OXXXOO.X,0.9994983043612233
.X..O.XOX,0.20451846797230255
.X...X..O,0.41749015487775887
OO.X..X.X,0.34056267459962747
O..XXX.O.,0.9999530625983117
O.XX.XOOX,0.9996010386685119
..OXX.O.X,0.9994772137645784
XOXOXXXOO,0.9999999999999999
XXXO.XO.O,0.9999972941521982
XOXX.OXO.,0.9999530625983117
XOXXO.O.X,1.9549105242914946E-4
O...X.X..,0.845019384294245
XXOX....O,0.06278147927936166
XO....OXX,0.9679267466826873
XX.X.O..O,0.3400085204599339
XXO.OX.XO,1.0919071879958989E-7
...O.OXXX,0.9999999994816103
.O..OX.XX,0.9398403413431451
O.OXXX...,0.9999999999999999
X..X...O.,0.7793186684121229
XXO...OX.,0.30053786145702366
XOXX..XOO,0.9999999955937606
O.XX.X..O,0.5732945838903007
...OOX.XX,0.8444971435344295
XOX.XOX.O,0.9999972941521982
.OXO.OXXX,0.9999995452281599
OOXOXXXXO,0.9999999999999999
X.XOXOX.O,0.9999999235664968
OOXX.OXX.,0.9999978786890674
.X.O..XXO,0.5161963329030248
XX.XO.O..,0.2848696248029306
..XX..O..,0.4337494215543666
..XXXOOXO,0.996241526590893
X..O..XOX,0.9917008384435417
..XX.X.OO,0.020075323165395714
XX.X.OOOX,0.9999949717074192
X...O...X,0.14546077346286715
X.XXO.OXO,0.933258056640625
.XOX..XO.,0.9946252288
.OO.XX..X,0.48624403270501143
...XXX.OO,0.9999999999999999
OOXXOX.X.,0.5003989227842431
..OOXXOXX,0.9427938128501583
XXOX.O...,0.2655985470295435
...XX.O..,0.7150300979801786
X.OOOXXX.,0.991091025993228
.X.O.XO.X,0.4101322875449518
O.X.XOXXO,0.9999839004712209
.XXOO.XXO,1.2446535588120789E-10
XOO.OXXX.,0.9999999971619935
OXOXXX..O,0.998836847430064
XX.O..X.O,0.6753847329258769
..XO.XOX.,0.6319887137715484
O..X..XOX,0.24453
.XX.XO.O.,0.998911608832
XOXO..XOX,0.9999999908880648
XXO..OOXX,0.6762364507784657
X..OXXOOX,0.9999961345031402
.OX.OOXXX,0.9999999989420619
.XXXOOXO.,0.9994983043612233
O..XX.O.X,0.9567485835503368
OX...XO.X,0.10195325917951274
X..OXX..O,0.19618811011947185
XO.OXOXX.,0.9999991050719503
.....X...,0.2478581191223083
XO....XOX,0.20588972345813594
XOX.O.OXX,0.9788824319839478
X.O.X.O.X,0.9999999999982772
OXOXXXOOX,0.9999999999999999
..XOO.XX.,0.07881041279514811
..OXXX.O.,0.9999671438188182
XX.O.OX..,0.18892395243891863
OXXX.XOO.,0.6097997560205408
.O.XXXOOX,0.9998045089475709
O..OXXXOX,0.9999330317161863
O.X.XXO..,0.2937138544286183
OX.OXO.XX,0.9999887303298546
O.XXXOX.O,0.9999999464965478
XX.XOX.OO,0.6361669230564688
XO.O.X.X.,0.9963106511852582
XXOOXXO..,0.9999717477552661
O.O.XX.X.,0.3458282708825627
OXO...XX.,0.99781295347162
X.X.XOXOO,0.9999999999964841
X.XOO.XOX,1.778076512588684E-10
XXOX..OOX,0.27105802585628874
....X.X.O,0.49684293643677013
OX.X.OXOX,0.5
OOXXXXXOO,0.9999999999999999
OXXOXX.O.,0.3148344139827153
...XO...X,0.5058132895070029
.O.XXX..O,0.9999981059065387
.XOX..OX.,0.37696542306107717
OXO.XXXO.,0.996241526590893
XO.OX.XXO,0.9997883471523911
OO.XXX...,0.9999999999999999
.XXO.XOXO,0.9512313392521308
XOOXO..XX,0.21788378688547091
XOOXX..XO,0.27500074260244484
.XO..OXX.,0.4446728215756015
..O.XX.XO,0.998512088130082
OXX.X...O,0.94254411951848
.X.O.OXX.,0.4943713177959029
O.X..XXO.,0.9602374653757031
O.XXO.XOX,1.6099528779065906E-5
OXO..OXXX,0.9996010386685119
XXXOO.X.O,0.9999999999897498
XOOXOXX..,0.9999999996371273
OXX.X.OOX,5.5221383712196056E-6
.XOOXXOX.,0.9999986741345771
.O.X..OXX,0.37077151922354334
O..O..XXX,0.9999999955937606
.OOXOXXX.,0.830647532844492
.XO...XXO,0.03145960024011764
OO..XXXOX,0.8001832564925633
....XOX..,0.8018206901146111
OXX.XO...,0.9982993888
X.X...O..,0.9704600375159774
...O..XX.,0.1964887795604601
XXOO.X.XO,0.9991080966421748
O...XOX.X,0.7484246637999283
X..X.O.OX,0.9821609946590428
...OXXXO.,0.9991546215871283
..X.OX...,0.39159952037419143
.X.OO.X.X,0.19389067774121124
X.X..X.OO,0.1861995027170686
.O....XX.,0.5124921813813168
.OXXO.OXX,0.9881213679909706
X.O....X.,0.5858721897580046
OO....XXX,0.9999999999999999
XOXOXXOXO,0.5
XXO...XO.,0.98574003748864
...XXOO.X,0.99235588096
X.O.XX.O.,0.9986863183288573
.O..XXXO.,0.9023803472370135
XOXX.OOX.,0.5
XOXOOX.X.,0.9988107955228998
.XOXOX.OX,0.0011631525699360352
.XX.X..OO,0.5179198232713231
..X.XXO.O,0.008630606146516057
.XX.O..OX,0.8124582324270528
X..O.OXX.,0.27347667655548225
.XO.XOX..,0.06791415944548447
.O..XXOX.,0.48286691183884595
XO.X.....,0.8878652772113468
OX.OX..X.,0.9999999999999999
OXOOOXXXX,0.9999999999999999
O.X.X....,0.5768809914334149
.XXOOXO.X,0.9999999996371273
OXOX.OX.X,0.9978858587073773
...X.X..O,0.17030514146201275
O..X.XX.O,0.22478746782163506
OXX.OO.XX,0.0033911153642450006
.XOOOX.XX,0.37396742647573633
OX..XXXOO,0.9999880810842529
XO..OXOXX,0.28986502758290517
..XOOXX..,0.28759263872996527
.XXO.O.X.,0.3405407975398773
.O.X..XXO,0.27173928459658525
...X.XOOX,0.667313679235904
X.OXOXXO.,0.9999999464965478
XOO..X.X.,0.5759007833644886
.OOXXXOX.,0.9998045089475709
XXOXOX..O,0.3785493446920339
..XOO..XX,0.5095144684153423
..XOXOXOX,0.9999999910076748
X.XO...OX,0.9994437271430852
OOXX..XOX,0.9039423575061458
.X.X.OXO.,0.9959467603353666
OXXO.OXX.,0.9955161025483714
O..X.O.XX,0.9813133693288971
.XOXXXOO.,0.9999981059065387
X.XXOO...,0.7021689065300613
.X...XOXO,0.5848873705739156
.OX.X.XO.,0.9999999464965478
...XOOX.X,0.7249717016506292
...XO.X..,0.751790712922346
.X..XX.OO,0.20832827039777135
.XO.X.X.O,0.16933153856115285
X.OOXXOX.,0.9999998407220342
.X.OOXXXO,0.0016616465284800502
XOOXXO.X.,0.7822198209107638
OXO.XX.OX,0.993318269494921
.OXOX.X..,0.9998045089475709
XOXXX.O.O,0.0201768035
XOOX.OX.X,0.9999944778616288
.OX.XOOXX,0.9994983043612233
OOXOOXXXX,0.9999999999999999
XXOX.OOX.,9.323056708580675E-18
XO..XO.X.,0.8259057149765953
.XXXO.OXO,0.6200175538714825
X..OOXXOX,9.281057960508793E-7
XX.OOX.OX,0.99988094527322
XXX.O.OXO,0.9998631562632996
OXXOXOX..,0.9991857932010447
OXOXXXXOO,0.9999999999999999
OX.OXXX.O,0.9999998805415257
..XXXO.O.,0.7072273152952454
OXOX..X..,0.031243241731345944
XX...OOX.,0.3888280851484023
.X.XOO..X,0.31391289101022846
..X.OXXO.,0.12172576256542388
.XX.OXO..,0.9309128399132438
.XXO...XO,0.8207289828308343
XXX.OOOX.,0.9999995452281599
XO.XXXO.O,0.9999671438188182
X.XXO...O,0.9999999456452275
.OXX...OX,0.7378867618181358
O.O.XXXOX,0.009886633715
OXXOX.X.O,0.9999671438188182
.O.....XX,0.607747216532331
OXXXX.OO.,5.5221383712196056E-6
XXO....OX,0.6760730797955015
XOXXXOO..,0.9994983043612233
XOX..XO..,0.8596428147570379
XX....OXO,0.9014791297429269
O.X..XOX.,0.09678557116387801
X..O..XXO,0.09616706015624998
X....XOOX,0.7364540426724788
OO.O.XXXX,0.9999839004712209
X.XXO.OOX,0.537073250481999
.O...XX..,0.5521162779208605
..X..X.O.,0.7507455343956114
.X.X..XOO,0.6041271169414105
O.XXX.OXO,0.9999717477552661
.XOOXXXO.,0.5
X..OOXOXX,0.452033817328216
XO....XXO,0.9209569916293121
OXOXXXOXO,0.9999999999999999
..XOX.XO.,0.9999042093843097
OXOO.X.XX,0.7657706225889942
..XO.X...,0.7422154543460813
OX.XXXOO.,0.9999999998221923
.OXO..XX.,0.9974201098240001
OXXX.O.OX,0.5
XO.OX.XOX,0.9999999737833084
.O.XOXOXX,0.661948794588836
O.XXXOOX.,0.9949887021211907
XOOOXOXXX,0.9999999999999999
O.XXO..X.,0.21187275069478143
...OXXOX.,0.2964307986073266
XXO.XXOO.,0.3609983225726813
OXOXOX.X.,1.2846178876052953E-8
.XXXO.XOO,0.5151250916640436
XXOO....X,0.9224929358694556
OOX.XX.OX,0.9999770006731727
.OOX.X.X.,0.22270229042068596
XX..X.O.O,0.13713790314171315
X..XOX.O.,0.14807008774789804
XO.O..X.X,0.9663718318763387
XXX.O...O,0.9999999999999833
OX.X.OXXO,7.405566483084896E-10
.O.X.XO.X,0.9352464016580075
X.O...XOX,0.8821126349618491
O..OXXXXO,0.9999497737871397
.XXOX...O,0.9998401110911435
XOX....OX,0.6891959251937061
XX...OXO.,0.9886548364060734
XO.X.O..X,0.9968860878906249
.X..X.O..,0.2768022358064165
.OXOXX.XO,0.9993310724816311
XX..OO..X,0.031169452354093352
OX.X.XO..,0.1668322774554326
.XO.OX.X.,0.10713432100173631
O.OOXXX.X,2.228382016318161E-7
XX..O....,0.7810247991209591
.XXOX.OOX,0.7151389870345104
XO..X..XO,0.2727264816
XOO.XX...,0.987698125
O.X.XO..X,0.7617429052042519
.OX.XOXOX,0.9999972941521982
XXOX..OXO,4.136348530320862E-13
O..X...X.,0.28545765656900374
XOXX.O.OX,0.9992855862058668
XXOOXOXOX,0.9999999999999999
.OOXXXXO.,0.9999993503259428
OXOOXX..X,6.496740572356155E-7
.X.XO....,0.28280551943333443
XOXOO.X.X,1.6691658300759563E-14
OXX.O..X.,2.858503989988035E-5
XX....XOO,0.9989423815105116
XXO.OXXO.,0.991091025993228
OO..XXXXO,0.670349482834418
X..X.O.XO,0.13993087684376762
O.XO.XXOX,0.9999961345031402
..O.X...X,0.632422768703158
OOXXX.O.X,0.9881213679909706
.XXXOOOX.,0.991091025993228
..X...O.X,0.7321368455703979
XOOX..X..,0.9999999992594434
..X.OXOX.,0.8378424694150649
.XOX...OX,0.8661914342029423
.OXXX.OOX,0.9998412603642933
OO.OXXX.X,0.8243009235817097
O.XOXX.OX,0.9999998440132588
X...O.X..,0.9113469714753135
OXXXOXO..,0.46369074344549854
.OXX.XO..,0.9975199609751053
..OX..XOX,0.5291155700662741
XX..XOO..,0.998956791018375
XX.X..OO.,0.23006397469314305
.XXOXO...,0.8881139882818843
.X.X.OOX.,0.962711729639899
.XX.OOXXO,1.5113400985887543E-9
.OXXX...O,0.9694395118983048
OO.XXXOX.,0.9999999816483158
XXXO.O.XO,0.9999981059065387
X.OX.OXOX,0.9999921112308983
..OX.OXX.,0.4785608683507102
X.XOXO...,0.999999998997108
XOXOXX.O.,0.9999999328046082
.O..XX...,0.934180190212671
OOX..OXXX,0.9999961345031402
XO.X..OX.,0.9784495720955905
...X.XOXO,0.6523499758800072
.OX..O.XX,0.9957789803585262
..OX..XXO,0.07215168987777257
X.XOX...O,0.9152094283517662
XO.OOXX.X,0.16611519544271947
XXOOX.XO.,0.9998412603642933
.OOO.XXXX,0.998836847430064
..X.XO.XO,0.998131652734375
XX.OXO.XO,0.9999999464965478
..O....XX,0.6218902009655071
.OOXXX...,0.9999999999999942
.X.O...X.,0.3567759759252685
.X.X..OXO,0.7189996672524376
XO...XO.X,0.7124234042944854
.XOX.XO..,0.3928735910442248
OXXXO..OX,0.991091025993228
X..XO.X.O,0.9999999999998581
XO.XX..O.,0.9510693343430168
X..OX..XO,0.9787663360000001
XXXOOX.O.,0.9999530625983117
..O..XX..,0.23112500072072723
..OOXXXXO,0.9949887021211907
O.XXOXO.X,0.9999944778616288
O...OX.XX,0.8405180151900763
X.XO...XO,0.99187812352
.X.O.XX.O,0.9175318722328256
.XXXO...O,0.36085717902210857
XO.XXO.OX,0.9999993503259428
XOXX...O.,0.67885044253053
.....XXO.,0.5987807372325289
O.X.X.OX.,0.034226828721382115
.OX.XO..X,0.9998684834984686
X..OOXXXO,0.5
XXX.O.OOX,0.9999530625983117
XOX.OOXX.,0.42029989791012223
X.O.XOX..,0.5479441419855686
X.XO.O.X.,0.35491763797073006
...O.XX..,0.8289544653028871
.O.OXOXXX,0.9999997771617983
..OXXOX..,0.003832915021446155
.XO..O.XX,0.8978180921203569
.X.O.O.XX,0.8159206028016637
O..XX.X.O,0.663526433373901
.OXX...XO,0.5494179932360799
OX...XX.O,0.10882014400295657
..XOXOOXX,0.34317036692503
X...OOX.X,0.05784582950544788
XOX.O.XXO,0.993318269494921
XX...O...,0.28636345058822843
XX.XOOX.O,0.9999999999128742
.OOXOX.XX,9.622408846387706E-16
.O.XX..XO,0.2727750155340087
.XXOXOXO.,0.9999999235664968
X.XOO.XXO,4.6937401688238784E-5
.XXXO.OOX,0.9999623303403548
...O...XX,0.6956023649779668
XOO...X.X,0.9956227139499128
XOX.X.OOX,0.9999999999701159
O..XXOX..,0.541615785067251
X.X.OXOOX,0.9999999999999998
.X...XXOO,0.8544128614793696
XX......O,0.1372450456004614
O.X..X...,0.9514913593077021
OOXXXX.O.,0.9999530625983117
OOXX..OXX,0.996241526590893
X.XOX.OOX,0.99999999848866
XO.XOX...,0.026372979069325578
XOO.XXXO.,0.9999998805415257
X..OXO.X.,0.9943657462678528
O.OXOX.XX,1.057938069012128E-9
O.O.XXXXO,0.262695434210591
OX...O.XX,0.9927287421964524
.XXOX.XOO,0.9999329465690168
.OXXOXO.X,0.9999999910076748
.XO..XX.O,0.5361480327527518
XXX.OO...,0.9999999999999999
.XOXOXXO.,0.9881213679909706
X.OO..X.X,0.9770993441312692
X.OOXXXO.,0.9993310724816311
X.X.OX..O,0.7594755814965428
..OXX.X.O,0.3334419848944853
O......XX,0.6066411026835578
X....X..O,0.2347113659663595
OXX.XOXO.,0.9998045089475709
OX.X...OX,0.9328911360000001
OO.XOXX.X,1.6172382548123818E-16
O.XXX...O,0.6950480867597049
X.O..OXX.,0.3142399633216939
XXX.XOO.O,0.9999999999790812
OOX.XX.XO,0.9999999880406639
O.XXX.OOX,0.991091025993228
XXXOO.O.X,0.9999999999991558
OXX.X.XOO,0.9999999625475835
.OX.OXX..,0.027620926169506302
XXOOO..XX,7.643350315971292E-8
XO...OXX.,0.9983818699492556
OXXX.O.XO,0.5485170305663138
X.OXXX.OO,0.9999995452281599
XXOX.OXO.,0.9998045089475709
XXOOXOOXX,0.9999999999999999
...OXX...,0.38556776187681474
OOXO.XX.X,0.9999839004712209
OXX..X..O,0.02307266148271036
XOO.XXOX.,0.9999910608131897
.OX.O..XX,0.999481458507519
X..O.XO.X,0.9436409138821635
OOX...XX.,0.7923498071469235
.OOX..X.X,0.3310356854262452
..O.O.XXX,0.9999999999999999
O.XXXO...,0.9969766912
.OXXO.XXO,0.3230411974212115
OO.XXXXO.,0.9999921112308983
X.OX..XO.,0.9999961345031402
O....XX..,0.763355923980224
OOXOXX..X,0.9999999989420619
.XXOO..X.,0.33997392180842856
XOOX.X.XO,0.9994983043612233
X.XOOXO.X,0.9999999999999659
.O.OX.XX.,0.9963835877192322
X.OXOX...,0.4826875712706893
XO.X.OOXX,0.9998412603642933
.X..XOO.X,0.9976645659179687
O.X.XOOXX,0.009886633715
.OO.XXXXO,1.3258654229298275E-6
.XX...O..,0.40403990061733175
.XXOX.OXO,0.9999993503259428
XOX....XO,0.9328911360000001
..XXOXOOX,0.9999999998755347
XXOXX..OO,3.4064608777060334E-14
X.O...XXO,0.005213654498144532
XX.O..O.X,0.8677122425262226
X.X.X..OO,0.2401919579858881
.OOOXXX.X,0.7989913502197251
.X.OXX..O,0.6117402183106743
..XXX..OO,0.4781436368098933
.XXOOXX.O,0.21117588459557174
O.XX...XO,0.6044792097742288
O..X.XO.X,0.9686541064398788
OXXXXOOOX,0.5
.O.XXO.X.,0.257179536
XX.O.X.O.,0.9986320316131863
X.OX.OOXX,0.6731662747418772
..XXOX..O,3.066141075948142E-6
O.XO.XXXO,0.7456068770325371
OX..OX.X.,0.10195595052618864
OX..XXOXO,0.999999999998794
X.O.X.X.O,0.0193553919830473
.OXXOOXX.,0.9999497737871397
..XOX.OX.,0.2535486698481708
XOOXOOXXX,0.9999999999999999
.OX.X.OX.,0.29218619259374995
O.OXXXXO.,0.9999998908092812
.XXXOO...,0.9668535049584641
XXOOOXX..,0.5
.XO....X.,0.6329695963167195
O.XOXX.XO,0.6191510560278669
O.X.X.XO.,0.9999995452281599
XXOXXO.O.,0.5742170923278036
XXO..XO..,0.3463358580590803
XXOX..XOO,0.999999681659712
....X.O.X,0.5075577771965245
.XXOXOOX.,0.9999999737833084
.X.OXXOOX,0.529490250713203
.X.X.O...,0.7857796218005455
.XX.OOXOX,2.705847801897607E-6
O.XX.O.X.,0.6956751365508336
OXX..XOOX,0.999999681659712
X.X.XO.O.,0.9740384679678243
X.OOOX.XX,0.1495500189348001
OXXO..XXO,0.9079807327944249
OXOXO.X.X,0.9624576568603516
X.OXX.O..,0.7483049615901012
XO.X..XO.,0.9999999999999999
O...X...X,0.37452301502217084
.O.X.OXX.,0.9979749606770314
XOXO....X,0.7730653111086355
OXXXXO..O,0.9999880810842529
XO.OX.OXX,0.9999961345031402
XOO.OX.XX,0.38777201814231055
OXX....XO,0.595915043385854
XX..O.XO.,0.9999999590349191
.XOOXX.OX,0.9978858587073773
OXX.XO.OX,0.998414394030533
XO.X.OXOX,0.9999944778616288
..XOX..OX,0.9996557970327472
OXXXXOXOO,0.9999999999999999
XOO.X.XOX,0.9999999999928249
O.XXXX.OO,0.9999993503259428
X.X.OO..X,0.0014069854695870749
XOO...XX.,0.9999833224328976
XOOXOXXXO,0.9999999999999999
XX.XXOO.O,9.622408846387706E-16
O.XO..XX.,0.5498896694593348
.X.OXO.X.,0.9999839004712209
.XXXOXOO.,0.4430457491519944
.X..OX.XO,0.06486251552530364
OO.X..XX.,0.31813329457367717
XXOX.XO.O,4.136348530320862E-13
XOX.OXO.X,0.9999999999999514
XOX...XO.,0.5691822486918391
.XXOO.X..,0.17891197386495905
..X..XXOO,0.7803625745603173
OOX.X.OXX,6.496740572356155E-7
OXX..O.X.,0.9037459886419686
XX.OO.X..,0.004621962642099553
.OXOOXXX.,0.9991080966421748
OO.XX.XOX,0.3632783345190028
X.....OX.,0.6874474127817743
XO..XX.O.,0.7444787477881147
O.X.XOX..,0.998836847430064
XOOOX.X.X,0.9999671438188182
.OX.XX.O.,0.7601419151799176
OO.XOX.XX,0.6708909285078015
X..OX..OX,0.999999071894204
..XO...X.,0.30625762162269965
XO.OOXXX.,0.9991080966421748
X....OOXX,0.5347925779795983
OXOXXXO..,0.998836847430064
X.X..OX.O,0.9509732961124178
XXOXO.X.O,0.9999999999999514
XXXO....O,0.9999997771617983
...XOXO.X,0.14719267397105096
XXOXOOX..,0.9999999999999993
OO...XX.X,0.19672161281222703
...X.XXOO,0.7410210586046718
XXXO..OOX,0.9999770006731727
OXXOX....,0.16942835652372285
.XO.X....,0.8000035235132592
OX...XOX.,0.15923402672176493
O..OXX.X.,0.058792901427059625
XO.OXX...,0.9983969120467026
X..XOXXOO,0.9999999999949774
.O.XX..OX,0.8961060157603207
.X.OX..XO,0.9996010386685119
.OXOXX...,0.9990434062
OXX.OX...,0.2959964156344161
....XXO..,0.388654799212434
.XOO.X.X.,0.5773767839576448
XOOX....X,0.694462887792845
XXOOXXOXO,0.9999999999999999
.OO.XX.X.,0.06728033417542
XOX..OOXX,0.9999330317161863
X.OXXOO.X,0.9999999994816103
O.OXXX.XO,0.9999999997459891
OXO.X..X.,0.9999999999997973
.OX..X.XO,0.6871504589098897
..XXOXXOO,2.988413194707802E-11
X..O.X.XO,0.965640261632
XOXO..X..,0.8141772873855595
OOXX....X,0.8971383106694504
XOX..OXOX,0.999936123451567
OOXOXX.X.,0.4122279577905625
.XO.XO..X,0.9944641562500001
OXXOO.XX.,7.405566483084896E-10
XOX.XO...,0.9998004845961952
.XOX..X.O,0.10545509481676599
..XOOX..X,0.999999999999996
XOXOX.O.X,0.9999998908092812
XX....OOX,0.6727871394052691
..OX.X...,0.9687181320108997
.XO.....X,0.8071472665151456
XOO.OXX.X,0.6236140878819636
O.XO.OXXX,0.99999999848866
X.X.O.OX.,0.9962568054813147
XO.XOX.XO,0.993318269494921
.OX.X.O.X,0.7263316402203538
OOX.X.XOX,0.9999999999964841
XOO..OXXX,0.9999887303298546
O.XX..O.X,0.96461056
OX.X...XO,0.5896420553858469
X.XOOX.XO,0.9971811449431698
XOOXX....,0.9259618999325936
XOX.X...O,0.9730875868327916
.OXO.XOXX,0.9991857932010447
XOXO.X.XO,0.5
.....X.XO,0.23241026369333903
.XX..O...,0.7202232713568799
..XXOXOXO,1.894093461328325E-6
.XOX.OX..,0.230445593564574
..XO.O.XX,0.32584927489890647
.XX.OXXOO,0.2864984689314291
OX.XO...X,0.10379370192077636
.XXO..O.X,0.5788101597753419
.X.X.XOO.,0.25637010428741114
...XX.OXO,0.9999997864618497
.OXX.XXOO,0.9590298641243216
X.O.....X,0.810590922222503
XXOO..XOX,0.9998412603642933
..OXOXXXO,0.4502361063433765
OXXXOO.X.,0.0033911153642450006
.O..OXXX.,0.679277770224058
...O.X..X,0.9455044552803269
O..XOXXOX,0.009886633715
OXXOXO..X,0.5394128362396963
XXXXOOO..,0.9998045089475709
.XXO.X.O.,0.9996865433436161
.OX.O.X.X,0.44780309162272985
.X.O.OX.X,0.39670183940684134
.X...OXXO,0.0013573244039814009
XXXO.O...,0.9999999999999999
..XO.XX.O,0.5932165299601544
X...OX.OX,0.17379254788837142
....XOXXO,0.44968908282961906
..OOXXX..,0.11171540209499996
X.XXOO.XO,0.9971811449431698
XX..OOXOX,0.24255552039397088
O.X..OX.X,0.999999891266242
OX.X.O.X.,0.701502037657049
...XXOOX.,0.6949512749124964
XOXXOXOXO,0.5
..OOX..XX,0.8549811829640587
O.OX..X.X,0.00389286202528125
OXXO..XOX,0.9999971715854232
OXXXXOOXO,0.9999999999999999
.X.OOXOXX,5.183896538159428E-10
OX.XX.O..,0.9999930567283342
O...X.OXX,0.006816008894880019
XXXXO.O.O,0.9999999999999942
.XO.OXXXO,1.5598674114227127E-7
XX.X.OO..,0.627625693169438
....O..XX,0.3979398878341138
OO..XXX..,0.4108224898493731
.O.XXOXXO,0.5866558456224193
OXOXX..OX,0.9988107955228998
...OXOX.X,0.9983578979110719
X..OXOXXO,0.4864836252564312
OOXXXOX..,0.9999993503259428
..O.XXOX.,0.999927214203349
O.XXO.X..,0.13222666644639788
.XXX.OO..,0.97702192
X.OX..O.X,0.33360360285688984
O.OX.X.X.,0.2142721183773018
.X..O.X..,0.17898874548860474
XX.XOO...,0.9417631489255165
XX.X..O.O,0.013424718831374055
..XOXOXXO,0.9999530625983117
.XOOXX.XO,0.9998631562632996
OXX.OXOX.,6.098802438179187E-11
XOOXXO..X,0.9999999996371273
XO...O.XX,0.99677513728
OOXXX.X.O,0.9999671438188182
XXOX.O.OX,0.9999949717074192
OO..X..XX,0.01650542044762638
.XOXOX...,0.3667214405020899
..X.XXOO.,0.1867299328376908
X.X.OOOXX,4.6937401688238784E-5
XOXX.OX.O,0.9999972941521982
O.....XX.,0.48436906933069557
.OO..X.XX,0.1343648176055297
XOX.X.XOO,0.9999986741345771
O..XOXOXX,0.06137444953088303
XX.XO...O,0.735660480959472
.XXX..O.O,0.5436653068455586
OXOX...X.,0.2201882004000396
XOO.XOXX.,0.5721799441807991
.XOXXO.OX,0.9997177962031881
O...X.XOX,0.996476016012216
....OXX..,0.13298564041619065
OXXO....X,0.10014814730367406
.X.OOXXOX,0.9997177962031881
O.XX.X.O.,0.7253371074082109
.O..XO.XX,0.9945844536175503
..OO.XX.X,0.9904448512
.XX.X.OO.,0.06955244854961305
XXO.X.O..,0.9493518910232701
OO.XX.XXO,0.3502477224591656
X..O.OX.X,0.44736135025899726
...XX.OOX,0.9986863183288573
...XO..X.,0.26896367656502057
X.X.O.XO.,0.217390024127588
XX.OOX.XO,0.991091025993228
X..O..X..,0.5958564585889732
XX.XO.OOX,0.45288639486590054
OOXOX.X.X,0.9999999235664968
.OX..X.OX,0.9999999999999514
XXX.OOX.O,0.999999999999998
..OX.XXO.,0.9921914156811948
OX..OOXXX,0.999999681659712
..XOXXO..,0.14427140448682407
OXOO..XXX,0.9999042093843097
XXOOXXOOX,0.9999999999999999
X..OXXO..,0.3323045703583995
XO.....X.,0.6752482671573525
.XOO..X.X,0.8828961464320001
XX.OXX.OO,0.028824005
XXO.XX.OO,3.285618118176715E-5
X..X..OOX,0.7704976454785128
...OX.X..,0.9725529285455121
.O.X..X..,0.4712440351734436
OX.XXOO.X,0.991091025993228
.X.XOXXOO,0.43273788022028514
O.OXXX.OX,0.9999042093843097
.XX.OXOXO,0.5372843698280676
.O.O.XXX.,0.998054444960976
XXOOXX..O,0.9994983043612233
O....OXXX,0.9999770006731727
.XO.X.OX.,0.999999999939012
.XXOXX.OO,0.6494633559287185
OO.XXOXX.,0.8980706038110116
.XXOX.O..,0.2795011107354233
X.OO.X.X.,0.8325189272726989
XOX.O..X.,0.010169247368630022
OX...X...,0.41761619206931255
XOX.XOXO.,0.9999972941521982
XX.OX.O..,0.8106277127614623
XO.X.OXXO,0.9997207270679583
OX.O..XX.,0.9445003308088822
O.X...X..,0.6429042776305853
.X..OOX.X,0.07223171924256307
X.....XO.,0.8623780872876121
.X...XO..,0.6015480198078907
OXX.XXO.O,2.0268107798572224E-13
XXXOOXXOO,0.9999999999999999
O..OX.X.X,0.9794020906255205
..OXXX..O,0.9999999999999833
.OXXO.X..,0.11593849615715915
XXO..O.X.,0.3202427684071032
XO..X.O.X,0.9999972941521982
.OXXOX.XO,0.0023737807549715005
XOX.XOOX.,0.9991080966421748
OXOXOX..X,1.0919071879958989E-7
O..XX....,0.597803207327708
X.O.OOXXX,0.9999999999975389
X.OX.X.O.,0.6036210838141088
XXOO..OXX,0.9460528123054812
XOOXX.OX.,0.9999978786890674
....X.XO.,0.9102533836562815
..X..XOXO,0.09929132527825887
XXO....XO,0.0315735770461403
X.XOO.X..,0.4741405031131382
X..OOX..X,0.37178473568610676
OX..O.XX.,0.21787181066788827
.XO.XOOXX,0.9999329465690168
..OXXXOOX,0.9998045089475709
X.O.X....,0.7714455324538885
XXX....OO,0.9999999999999999
.X.XOXOXO,4.406239354486164E-9
XOX.X.OXO,0.5
..OX.XOX.,0.5743166308521241
XO.X.XO..,0.6700054419470679
X...OX.XO,0.03230926550342395
X..X.O...,0.5535452569297525
XOXXX.OO.,0.48703576388835434
O.XXOOX.X,0.9624576568603516
XXOX...O.,0.712776722565917
..XX.XOO.,0.1745161156758401
XX..OOOXX,2.5401093036981197E-10
.XX..OOX.,0.9849976345225435
X.X.OOXOX,3.5158382394417817E-12
.XX.XO..O,0.6715452272300848
X..X....O,0.40409313649462963
OXX.X..O.,0.5906111620096955
XOX..OXXO,0.9999962287805644
O...OXXX.,0.4919769904938953
O..X.OX.X,0.8515018000000001
OXOX.O.XX,0.9996237282709175
.XX.XOOOX,0.9999497737871397
.XOXX..O.,0.8149516682033543
O..X..X..,0.4170994600428073
..O.XXXO.,0.6528897734076834
XXO.XOO.X,0.998836847430064
...XX...O,0.38732960511077463
.O.XOX..X,0.27442548326247396
OXXX.XO.O,3.5158382394417817E-12
.O..X..X.,0.6423306919403096
.OXO.X..X,0.9999921112308983
XX..O.OX.,0.0552015563985864
.....X.OX,0.8579456238801428
.X.....OX,0.8999216940937234
OX.XO.OXX,3.0843675481403146E-9
OXO.XXX.O,0.999999999840182
XOX.OO.XX,5.5221383712196056E-6
..O.OX.XX,0.09013445416447843
OO.XXXO.X,0.999999071894204
X.XXXOO.O,6.496740572356155E-7
OXOX.XX.O,0.662990333582189
.O.X.X.XO,0.5994899503300717
.XO.X.XO.,0.279038386491264
OXXX...O.,0.07434882626062839
OOX.XOXX.,0.9999770006731727
.O..XXX.O,0.9997260072884762
..X.OX.OX,0.9999999999999999
O..XXO..X,0.05731019439697266
OXO.XO.XX,0.9998045089475709
X.XXOO.OX,0.665591729157383
XO...XX.O,0.9840747519999999
...XXO...,0.36695163773318723
XXX..O.O.,0.9999770006731727
XO.XOOX.X,0.9999944778616288
XOX.OXX.O,6.705343098319826E-5
X....OXOX,0.7420778039081748
OX.O.OXXX,0.9999329465690168
OOX.O.XXX,0.9999999998221923
.XO.OXXOX,0.5
OOX.X.XXO,0.9999999969156325
XOXO.OX.X,0.9999998462848053
....XOXOX,0.9999757588784377
.O.XXXO..,0.9999042093843097
..O..XXXO,0.016882252549308273
XX.OXOO.X,0.9999887303298546
XOXXOX..O,0.0016616465284800502
XXO.O...X,0.28072634713593914
XOO.X.XXO,6.496740572356155E-7
X.O...OXX,0.20140653588468446
X.X..OO.X,0.6989544325192866
XX.O.XXOO,0.99988094527322
X.XXO..O.,0.6020241589462894
...XO.XOX,0.0011113429504425673
.XOOX.X..,0.9981316527343749
XOXXXOOOX,0.9999999999999999
XXXOOXOXO,0.9999999999999999
XO..OX.X.,0.3787212280529492
.X.OXXO..,0.31482154044688376
OXXOO..XX,1.6691658300759563E-14
O.X.X.O.X,0.00662655313874627
.....OX.X,0.7354618478306881
OX.X.X..O,0.5146308827970716
XO.OXXX.O,0.9978858587073773
XO.OXO.XX,0.9999998440132588
.X.O....X,0.31704050133870054
OXXOOXX..,0.29695063020287316
X..OOXX..,0.03796068386727333
XXOO.XO.X,0.9164841528434292
.XXO.XXOO,0.9999949717074192
.XOXXXO.O,0.9999999999999006
O...XOXX.,0.9866604449852536
OXOXX..XO,0.9999999955937606
OXO.XX...,0.6799980140702583
.XXXOO.XO,0.7092234867304135
.XX.OX..O,0.23165478317625884
XOXX..OXO,0.5
X..OO..XX,0.2647289221469128
OX.XOOX.X,0.9788824319839478
....XOOXX,0.749750605745244
.O.XO..XX,0.42681885466398295
...X.X.O.,0.19649412310271278
X.OXO..X.,0.35528315856484743
X.OO.XXOX,0.9999497737871397
OXXXX..OO,0.5937798025135962
.X.XO.O.X,0.46266188885361526
XOOXXOOXX,0.9999999999999999
XX.XOOOX.,0.611305580438713
O.X..X.XO,0.4397553495216253
XOXXXO..O,0.9999497737871397
XXO..X..O,0.15545410513780658
.O.XOXX..,0.11236716972711223
..OOOXXXX,0.9999671438188182
.XOX.O..X,0.6849623693522082
X..OXOXOX,0.9999998908092812
..XO.OXX.,0.8723218836172035
..O.XX.OX,0.9999542829849166
OOXXX.OX.,0.9841618239879608
OX.XO.X..,0.048746794976138805
O...X.XXO,0.6585068747827206
OXXOXOXOX,0.9999999999999999
O..X..OXX,0.028317951601054957
XXOXOX.O.,0.6484205419864234
XO..XXXOO,0.9999910608131897
XO.XXXOO.,0.9999944778616288
XOOO.X.XX,0.9999949717074192
X....XO..,0.3880138709914552
X.O...X..,0.8689173720780026
OXOOXOXXX,0.9999999998755347
XOOXX.XO.,0.9999944778616288
XX..OXO..,0.33429844028515476
.X.OXOXXO,0.9999999978409427
...OXX.XO,0.9750858342400001
X..XXO.O.,0.9314245132207323
..XOOXXOX,0.9999999999790812
XOXO.X.OX,0.9999999871538211
O..XOX..X,0.204925728200407
.XO.XOXOX,0.9997883471523911
OXXX.OOX.,0.9988107955228998
.XOO.XXXO,0.9991080966421748
OX.X.XOOX,0.9993310724816311
.OOXXX.XO,0.9999999994816103
XX.XO.OXO,0.17368500415437893
X.OXOO.XX,0.6263833037334157
OXOXXO.X.,0.9999999816483158
X...OXXO.,0.28857079348908765
X.OXOXX.O,0.9997207270679583
..OOXX..X,0.5012933067823685
.XOOXOX.X,0.9999717477552661
..XO..XXO,0.5601752892622539
..X..XOOX,0.9999998440132588
.O.XXOXOX,0.9999988067626004
.XX...OXO,0.868023785621735
XXO.O.X..,0.89098686317087
OXOX..XOX,0.5
O.X.OOXXX,0.9999999999991558
OOXX.OX.X,0.9999993288039628
.XX.OXOOX,0.9998631562632996
OXX..OXXO,0.6786498214153228
OX.OXXXO.,0.9999330317161863
.OOX.XXOX,6.526139696006472E-18
.XX..OX.O,0.9411179584493812
XO.X...OX,0.31436711491341385
XX...OX.O,0.11461255124631752
..OX.O.XX,0.7248045947023554
X.XO.XOOX,0.9999839004712209
O.XO.XX..,0.9148486814070635
XX..O..OX,0.4779426729466388
O.XXO.OXX,0.9718432426452637
XO.XO.X..,0.9999999999999999
.OXX.XOOX,0.9999042093843097
XOX......,0.7700302659983206
..OXXXOXO,0.9998631562632996
OOXXXO..X,0.99988094527322
..OXOX.X.,0.20845745285845912
OX..X.X.O,0.9379400682255036
O..XX.OX.,0.9999845705074093
.OXXXX.OO,0.9999999978409427
X..X.OOX.,0.145747390905
OX..XOX..,0.9991031933125001
X.XO.X..O,0.98556110848
..X..X..O,0.31244427258663265
X.XXOXO.O,1.3258654229298275E-6
O.XO...XX,0.16514844168154486
..XO.XO.X,0.9999999999999999
XOXOXOX..,0.9999995452281599
..X.OX.XO,0.03955483248666104
O.O.X.X.X,0.02107185216511813
X..X..OXO,0.017363727564778424
X..XOXOOX,1.057938069012128E-9
XX..XOOOX,0.9999944778616288
.OOX.XOXX,8.712574911684553E-11
..OX.XX.O,0.7416917124742763
.OXX.X..O,0.7466468837598897
XXOOOXXXO,0.5
.XXOO...X,0.19389800199557697
.X.XOX.O.,0.2977867051372487
OXO.OXXX.,0.10481075728560657
X.O.X.OX.,0.9692011746593023
OXXXOXOOX,0.9999999999999999
O.XOXX...,0.33811563173887005
.OXOOX.XX,0.9998045089475709
..O..X..X,0.32822892944868187
...O.XXOX,0.9985910359785473
.X.X.O.XO,0.4375542306424185
XOOX..XOX,0.9999999999995863
.XOX.....,0.5563163607211116
.XX.XOOXO,0.9999972941521982
...XO.OXX,0.056892275027984496
OO.XOXXX.,1.5113400985887543E-9
.OXXX.O..,0.99657358336
XX..XO..O,0.05599473497228609
X..XOX..O,0.4509547486058707
....X.OX.,0.5483249660096499
.XXOXOO.X,0.5489332719505725
.OXOXXXO.,0.9999999235664968
.OX.XOX..,0.9998045089475709
OXX.OXXO.,0.14698648384891094
X.O.XO..X,0.9999999999999999
X..XX..OO,0.2645351518962936
O.OXXOX.X,1.1269670145346134E-5
XOO.XXO.X,0.998836847430064
OXXX..OXO,0.3584860913632356
XOXOX.X.O,0.9999887303298546
OX.XXX.OO,0.9999995452281599
.X.....XO,0.7272095924379324
.OX.X.X.O,0.9999530625983117
XXO..XOXO,0.7697558656606639
XX.O.XOXO,0.9999497737871397
X.X.OOXXO,0.19405624200782035
.O.O.X.XX,0.999093031829661
XOXX.O...,0.99072287064064
.OOOXXXX.,0.04117715
.O.X.OX.X,0.9797952461490245
..XX.O.OX,0.916750366148506
OX.OOX.XX,0.8374863749049481
OXO.XXOX.,0.9999999999897498
OOXX..X..,0.5231629326140861
O..XXOOXX,0.991091025993228
.X..XXOO.,0.2202374026977727
.OXXOOX.X,0.3840587714337895
X.O..OX.X,0.8083416440302157
X.OOXX.OX,0.9999530625983117
O.X.O.XX.,0.1533659213116206
XOOXXOXOX,0.9999999999999999
X....OXXO,0.3293203790861382
OOXX.X.XO,0.6224036617816378
OOX.OXX.X,0.9999999999999999
..O..XXOX,0.07960979003906252
OXXO.OX.X,0.72280412119807
OXX.XO.XO,0.9999671438188182
OXXX.OXO.,0.9997177962031881
XXXOOX..O,0.998836847430064
.XXXOO.OX,0.9993310724816311
.OO.X.X.X,0.3493471929788568
.OXO...XX,0.9974215026044411
X.X.XO..O,0.5752742294637276
XOXX..OOX,0.6962942311159318
XOXXXOOXO,0.5
XOXX....O,0.7244169032365139
OO.OX.XXX,0.999999999998794
X.XOXOO.X,0.9999999816483158
..XXO.O.X,0.9994528336234775
..XOX..XO,0.96917370683392
XXX.O.O..,0.9999999999999999
.X.O..OXX,0.028366540132857332
X..X..XOO,0.9999999997459891
OXXX..XOO,0.47373173737473884
.O..XXO.X,0.9795966350445823
OOX.X...X,0.955501116679389
O.OXX.X..,0.009784968347894985
X...XXOO.,0.10723317839882202
.X...O.X.,0.561456408059224
XOX.XXO.O,0.0201768035
.XO...XOX,0.91611392
X.OO.XXXO,0.5
OXO....XX,0.6892305081291674
...XOOXX.,0.7609150917093748
OOXXX....,0.999596436990625
OX...XXO.,0.8089671621460086
...XXOX.O,0.06021964236057607
OXOX.OXX.,0.6744408436005696
O..XX.XO.,0.9998334124313935
.XOXOO.XX,0.23535671796706353
O..X....X,0.3882917656907894
.X..OX.OX,0.9695027961856
.OXO.XX..,0.99863951104
X.X.OXO..,0.9999999666935552
XXXOOXOOX,0.9999999999999999
XO...X...,0.47016222957860615
XX...OO.X,0.9781753956714095
XX..X.OO.,0.22812418228010195
X.XO.XXOO,0.9999978786890674
O.OX.XXXO,1.0250257257847761E-11
OXO..XX..,0.41372152500409654
.XO.OX..X,0.0175364968544611
X..OXOOXX,0.9999981059065387
OX..X.O.X,0.06795661385410638
X.OX..X.O,0.9999999999999999
XO.X...XO,0.98827768
.OOXXX.OX,0.9999999871538211
O.X..X.OX,0.9999986741345771
XXXO..OXO,0.9999042093843097
X.XOX.O..,0.7144042905336472
.XOXOXX.O,0.19861195097173306
XOOXOX..X,8.712574911684553E-11
.XXXO..O.,0.70626055840719
O.O..X.XX,0.05847652114092723
X.OX.OX..,0.9999999999999999
.X.OX..OX,0.9984582221454765
OXOXOXXOX,0.5
....XO..X,0.8221632963267655
XO.O.OXXX,0.9999993503259428
O.XXXOO.X,0.5
.O.XX.OX.,0.9929674104832
X..X.OXO.,0.9999887303298546
...OXX.OX,0.999009322172416
..XOXO.X.,0.93987253934083
OXOX..XXO,1.0250257257847761E-11
O...XXO.X,0.3075496865716921
OX.X.XOXO,0.6638595421037878
O.XOXXXO.,0.9999887303298546
.OOX.XXXO,0.48089165182621374
..X.OOX.X,0.056422434004416
.OXOXXOX.,0.0201768035
X.O.XOXOX,0.9999981059065387
XXXO.OXO.,0.9999999235664968
OO.XX..X.,0.17246930799439408
OOXXO.XX.,0.4452009443450823
XOOX..OXX,0.6700147829909106
XX.XOOXO.,0.9996010386685119
XOX..O..X,0.9672388960772628
XOX.X..O.,0.5454804529369515
..XO..XOX,0.879380831745856
.XX.....O,0.6959452504934596
...XO.XXO,0.1778165499864608
OXX....OX,0.9972631631851196
OO..XX..X,0.30997190399051966
X.X.X.OO.,0.22204281170287854
OXXOX.XO.,0.9999887303298546
XXOOXO.X.,0.9999671438188182
O.XXO...X,0.9981316527343749
XX.XO.XOO,0.9999986741345771
OO.XXXX.O,0.9999999464965478
.XX...OOX,0.9989792222436016
XXX.OOO.X,0.9999999999790812
X.XO.XOXO,0.9978858587073773
OXOX.XO.X,0.1597073653375891
X.XOXX.OO,0.8094922412605482
.OXX.XOXO,0.998414394030533
XXOOOXXOX,0.5
X.O.OXX..,0.9986863183288573
.O.XX.XO.,0.9980273414275652
OX.OXX...,0.13995539894074038
..XOOXOXX,0.9999999999999833
XO.O..XX.,0.997420109824
XXOOX..XO,0.999999681659712
.XO...OXX,0.04805564509992312
OO.X.OXXX,0.9999042093843097
XXXO..XOO,0.9999770006731727
XXXOXO.O.,0.9999999235664968
...X..O.X,0.6101271863300397
.XOXXOXO.,0.0201768035
.X.X.O.OX,0.9909928007452591
XXXOX..OO,0.9999998440132588
X..OX.XO.,0.9994088432479858
.O..XOXX.,0.9955538951015372
..XXOX.O.,0.4072152601466381
..O..XOXX,0.324395126356271
XO.X.O.X.,0.9955469779075072
.XXOO.OXX,2.8954439712246035E-13
X..XOXOXO,1.3258654229298275E-6
XXOO.OXX.,7.924467448580671E-17
O..XXOXOX,0.9994983043612233
OX.O.XX..,0.3992934998872113
X.XX.OO..,0.986878
XX.O.XOOX,0.9999107089549151
.O.XXOOXX,0.9991080966421748
X.X.O..OX,0.32813387783453285
XXXO.OOX.,0.9999972941521982
XOO.X..X.,0.5996256554993269
...O.XOXX,0.580448081930147
XOXOO.XX.,1.6099528779065906E-5
XXO..XOOX,0.7949265507230597
.X.OOX..X,0.5352160810716935
X.O.XOOXX,0.9999999625475835
XO.OX..X.,0.9982387949731839
XXOO..XXO,0.04117715
O.XXX.O..,0.998960902790471
O.X.X.X.O,0.9999999999999999
XOX.OX...,0.0088600226070869
.XOOO.XXX,0.999999681659712
....X....,0.43035185600746173
..OXXXXOO,0.9999972941521982
O..O.X.XX,0.2014809954419293
..XX.O.XO,0.848763623211813
OXX..XO..,0.03432311707127875
XO..O.X.X,0.6190273096063365
OXXXXO.O.,0.9996237282709175
O.OOXXXX.,0.3456212735697454
OXOOX.XX.,0.9999998440132588
XXXX.O.OO,0.9996010386685119
......X..,0.41752471072142
XX..OOXXO,9.622408846387706E-16
O.XOOX.XX,0.9999999999701159
XX.O.X..O,0.966380032
X.X.XOOOX,0.9999999235664968
OO.XXO.XX,0.01412376245
OOXXOOXXX,0.9999999999999999
.XX.XOXOO,0.9999530625983117
X.XX..O.O,0.028496947381324158
XXO.OOX.X,0.4148442396664135
OX.O...XX,0.5750713768086534
X......OX,0.5366279345772432
..X.O.X..,0.1865063875745696
X.OOXX.XO,0.9949887021211907
.XOXX.XOO,0.3072970211940249
.XO.XXO..,0.9383932263351983
X.O.X.XO.,0.9549368931887978
O.XX.XXOO,0.9012961904065014
XOX...OX.,0.95705032704
XO.XO...X,0.031775121957703746
XOXXOO.X.,0.9997883471523911
OXXOX..OX,0.9456699482642896
..X....XO,0.6726794858090251
O.X...XXO,0.08644668433510971
.OX.XXOOX,0.9999042093843097
XXOX.XOO.,7.175180080493433E-12
.XX..XO.O,0.22618365432386217
X.XX..OO.,0.22494389694738284
.O.XX....,0.9753816009458547
.X.OXOOXX,0.9999999625475835
.OX.XX..O,0.8166369358749088
X..OX....,0.9555293815225339
X.OXXO...,0.378225150965008
OOXX.X.OX,0.9997207270679583
.XX.O.X.O,0.04715495938846394
O.X..OXX.,0.8072678364975941
.O.XOOXXX,0.9999671438188182
.XO..X.XO,0.6797628727738775
O.O.XOXXX,0.9999999937053723
XOXOXO..X,0.9999993503259428
X.OXX.OOX,0.9983383534715199
X..XXOXOO,0.9999999999853568
XO..O.XX.,0.9704864565127752
..OO.XXX.,0.9830130688000001
..XO..OXX,0.22505509388301526
.XX.OOX..,0.08137429856827111
..X.XOO.X,0.9555893300600067
XOO.X.X..,0.9833003211304682
O.....X.X,0.6645163109689103
XO...XOX.,0.9543639737234763
XXOO.O.XX,0.9899625172071057
OXX..OOXX,0.04117715
X.OXX...O,0.7657062401309077
...OXOXX.,0.8873551037440316
X...XO.OX,0.9999671438188182
XXOXO.XO.,0.9999986741345771
XX.XXOOO.,0.7675967012299182
XOO.XOX.X,0.9999999999997105
..X..O.X.,0.6224705970524191
X.O..X.OX,0.7636582417799022
OX.O.X..X,0.14916522105614577
OO.XXOX.X,0.780173708964927
OXX...OX.,0.034990304559184365
.OX.OXXXO,4.6937401688238784E-5
.O.X.XXO.,0.6176834527972539
.OXXOXOX.,0.991091025993228
OXX.OX.OX,0.9998045089475709
XOXXXOXOO,0.9999999999999999
X...X..O.,0.7026025692935469
O.XXXXOO.,0.9999999816483158
X..OXO..X,0.9999042093843097
XO.OXX.OX,0.9999998440132588
OX..XOXXO,0.9999981059065387
OX.XXOOX.,0.9999042093843097
OOX...X.X,0.9649656518721963
O.OX.XXOX,0.028824005
.OXX.OX..,0.9995900867399417
..O.XXX.O,0.9964453383747216
.XO.X..OX,0.9888025600000001
XOOOXXXOX,0.9999999999999999
XXOO.XX.O,0.5
....XXOOX,0.7522987786928451
.OXXXO.XO,0.9999717477552661
OOX.XO.XX,0.9999880810842529
.OXOXXO.X,0.9999998440132588
.OOXXOX.X,0.42457407550299886
.XXXOX.OO,2.0268107798572224E-13
.X.X..O..,0.608956576251523
.XOO.XOXX,1.9026646344042193E-17
....OXXXO,0.02294201717277938
........X,0.48814267210330803
...OX.XXO,0.9997945054663571
X..XOO.X.,0.5521661517853039
.OOOXX.XX,0.9434761023159393
XX.OO.XOX,9.281057960508793E-7
.O..X.XXO,0.45001541179716015
X.O.O..XX,0.10418759431660554
OXO.X.OXX,0.9999999999999999
XOXXO..XO,0.993318269494921
X.OO.X..X,0.8202711675520046
..O.XO.XX,0.9229525132483825
.XXX.OOXO,0.9999788108164496
XOOXXX.O.,0.9999671438188182
OOX.XXX.O,0.9999944778616288
.XOXXOOX.,0.9999999999128742
.X.X.X.OO,0.1847416363445169
OXO..XXXO,0.6034842610852754
.XOOX...X,0.969082580377928
OXOX.XOX.,0.9189060158463667
.OXOXOXX.,0.9999993503259428
..O...X.X,0.8333543468800816
XOXOX....,0.9993694327978515
.OXOX.XXO,0.9999042093843097
O.XOXXX.O,0.9999530625983117
OXOOX.X.X,0.9841618239879608
.O.OX.X.X,0.9976307213577904
..XOXX..O,0.414549438129695
O.XX.....,0.5033381212757625
XOXX.X.OO,2.3103403640176884E-16
O...XO.XX,0.9999809230293486
OXOXO.XX.,0.10469078111983736
..XOXXOOX,0.999999999999409
X.OX.XOXO,0.5358130689975347
OX.X.XXOO,0.5041958855717094
XOOO..XXX,0.9999839004712209
X.OOXOX.X,0.9999999999999883
.OO..XXX.,0.09335554310605451
X..OO.XX.,0.005158729063311278
O.OXX...X,0.02832565838082971
...XXO.XO,0.045999640496768024
O.XOXO.XX,0.6709836027006968
.O.XO.XX.,0.9925629852372353
.XOXX.OXO,0.9999999999928249
XX.OO.OXX,3.0843675481403146E-9
XX....O..,0.5827453035431777
OX...X.XO,0.36583093905414854
.XXO.....,0.39660949145601565
O...XXX.O,0.9626665806042192
.XOXO..X.,0.3329982045904787
XOOXO.X.X,0.9999999999999999
.X.OX.OX.,0.9999999999999999
OX.XOXO.X,0.08618976369149628
.OXO.X.X.,0.9976488043351639
OXXO..X..,0.4329929445929447
.OX...OXX,0.9876981249999999
OOXO.XXX.,0.9999717477552661
O..XXOXXO,0.7762274657260773
XXOOX.O.X,0.9999986741345771
...XOX...,0.11763081140259131
.X..OXXO.,0.4351306798060447
OX.XX...O,0.9817765903037459
XO..OOXXX,0.9999999999964841
X..O.XOX.,0.6063824309840117
X...XXO.O,0.2654753156366635
X.XO..X.O,0.5953641511428949
XOOX.XO.X,0.9626757727931201
XOX.OXOX.,0.9881213679909706
XOX...X.O,0.8125801647468875
X.OOX.X..,0.830000652427452
O..XO..XX,0.4358531520617681
X..XO..OX,0.09357392475448326
..OX.X.OX,0.7376307488800354
OX.OO.XXX,0.9999999999999514
.OXX..X.O,0.9303359003713739
O...X..X.,0.5897391094321413
XXX..OOXO,0.9999839004712209
OX.XX.OOX,0.998414394030533
X...OX...,0.41899674182262314
.XX..O.OX,0.9984520658944
.OOXX.X..,0.4322055225044149
.O.XXO..X,0.9925520137865617
XX...X.OO,0.15047765058093765
XOXO.XXO.,0.9999999696802668
O..XOXX..,4.370326453343409E-4
XXO.XOOX.,0.9999998908092812
X.XOOXOX.,0.998414394030533
X.OXOOXX.,0.9999999999949774
OX..XXO..,0.6226972676964759
XOOXX.O.X,0.9999921112308983
XX..XOXOO,0.6930428698298836
.X..XO.XO,0.9999999999999999
OOXXXOXOX,0.9999999999999999
X..OX.OX.,0.997080707397461
XXXO.OO.X,0.9999999999701159
XOX.XO.OX,0.9999961345031402
X.OXO.XXO,0.9999999999790812
X.XO.OX..,0.6189801288679772
XXO.X.OXO,0.9999999999999999
O.XX.O..X,0.9328911360000001
XOX..OX..,0.9782816541994386
XXX.OX.OO,0.9999999999999972
O.X.OX.X.,0.3231319266239151
X.XOXO.OX,0.9999999625475835
.XOX.XXOO,0.9999497737871397
O.OX.XOXX,4.136348530320862E-13
..X....OX,0.858537886456986
OXX.XXOO.,4.8663726824371904E-14
.XXO.O..X,0.1024573193488845
XOO..X..X,0.596908562472629
.XO..X.OX,0.9048858604666881
.X.XX..OO,0.4937912106703559
OX.OXOX.X,0.9997177962031881
X..X.X.OO,0.42057915131700707
OX.XX.XOO,0.9999788108164496
X.XOOXXO.,0.7442689929141936
O..XXXO..,0.9999999999964841
XO.O...XX,0.9734596891462388
.X.XO..XO,0.027391617451011794
....OXXOX,0.0019808859852006276
O.X...XOX,0.9694310188753341
OXOXOOXXX,0.9999999999999999
..OXX..OX,0.9721336580767777
.OXOOXX.X,0.9999999910076748
X.OXXOOX.,0.6432295896960224
.XXOXXOO.,6.951960974910272E-14
.OXXXO.OX,0.9999949717074192
OXOXX....,0.9999728802452523
X...XO.XO,0.15715974729174753
OXXOXOXXO,0.9999999999999999
X.OXX.OXO,0.4249335263139796
.O...XXXO,0.4015730172285813
XO.O.XX..,0.9981488323387151
XOXOXOOXX,0.9999999999999999
OXOO.XX.X,0.991091025993228
XX.XO..O.,0.4820591894794661
OX..XOXOX,0.9994983043612233
.XOXXO...,0.14305466653308835
..XX...O.,0.6296100279467935
..XX.XO.O,0.008399567563689578
XXOOXX.O.,0.9993310724816311
OO.OXX.XX,2.461086767609247E-12
XOOOXXXXO,0.5
.X.OOXX..,0.4553612393537006
...XXXO.O,0.9999999999999999
.XXX.O..O,0.9112224097102628
.XOO.XXOX,0.5
OO...XXX.,0.2509645136908268
.XOXX...O,0.3335970989321235
...XX..O.,0.8715584975296242
OXOXXO..X,0.996241526590893
O..O.XXX.,0.9535849951948677
XXX...OO.,0.9999999999999999
..XOOXXXO,2.2999326827237008E-5
X.....X.O,0.6640028934854576
XXXO.X.OO,0.998836847430064
X.X.O.X.O,0.9999127209080647
.XXX.OOOX,0.9999623303403548
O.XOOXXX.,0.3004180675459969
OXXX.O...,0.73708544
X.OX.X..O,0.6722053764614344
X.OO.XOXX,0.7069763266105107
.X.XOO.X.,0.15697339469373287
XOOX.OXX.,0.998836847430064
.X.OO..XX,0.4813310930364406
O.OXO.XXX,0.9999999999997105
X..X..O..,0.5621516474550668
OX.XXO...,0.9938064160000001
..X.O...X,0.3246214443842241
OXX..OXOX,0.9997177962031881
...OX.XOX,0.9996771495925
XO..XO..X,0.9999961345031402
OOXXX.XO.,0.9999530625983117
.X.XXO.O.,0.4547598581924698
.O..X.XOX,0.39714043156397694
.OOXO.XXX,0.999999999939012
O.X.XX.O.,0.9988333098316009
XXOO...X.,0.799454947641537
...O.XXXO,0.95705032704
X.OOO.XXX,0.9999999999949774
XXO..XXOO,0.9949887021211907
XOXOX.OX.,0.9999788108164496
XXXO..O..,0.9999998440132588
X..X.OO.X,0.6475111862107414
OOX..X.X.,0.8586942427018707
X.OX.XOOX,0.7226339559283816
XO..X....,0.8513924917286515
...XXO.OX,0.9977200526886436
X.X.OOX..,0.23660400911580787
.XOOX.OXX,0.9999999871538211
.O.X.XOX.,0.7666345018617108
.OOX.X..X,0.2634623411391501
XXXOXOXOO,0.9999999999999999
OXXOOX..X,0.9999999999999997
OX.OX.X..,0.9980756616145372
.XO.XO.X.,0.9999999999999999
.XXO..OX.,0.18704413380944224
.X.OXOXOX,0.9999997168391719
OO.X...XX,0.35198220572377825
XX..XOOXO,0.999999071894204
XX.OX.OOX,0.9999839004712209
.XO.X..XO,0.9999999999999999
.XO.O..XX,0.2748335539668001
.O..X.OXX,0.6496115775095573
XX..OO.X.,0.2396774414287722
..X.X.O..,0.43096315079930303
OX...X.OX,0.995571325
XX.OX...O,0.9997566037196433
XX.OO...X,0.07923718520486521
OO.X.XX..,0.19415561803511194
O..XX..OX,0.99014305005568
OXXX....O,0.4172962987378457
.O.OXX.X.,0.5372885505624145
.XOXX.OOX,0.9999991050719503
XOOX..XXO,0.9999999625475835
.OXOX.XOX,0.9999999625475835
XXOXOOXOX,0.9999999999999999
..OXXXO..,0.9999999998755347
OXO.X.XOX,0.5
X.O..X.XO,0.3036519694909714
OOXXXOOXX,0.5
...XOXOX.,0.06288232278149578
XX.OXO...,0.9997289134314443
OX.XX.OXO,0.9983383534715199
XOX.XO.XO,0.9999330317161863
OXO.OXX.X,0.88134765625
OOXXOXX..,1.057938069012128E-9
XX.XOXO.O,6.294627649265947E-9
XO...XXO.,0.21636524899887521
.XXX..OO.,0.16447496316736898
XXX..O..O,0.9999999816483158
X....OX..,0.6642323407878294
.XO.OXX..,0.028457882802586994
.OX.....X,0.973308034224158
X.X..XO.O,0.022448468983575803
...OOXX.X,0.9979602415845753
XXO.XO...,0.2564751763088682
.XX...XOO,0.7542619840361998
X.XOXO.XO,0.9999984090168006
X..O.XXO.,0.9992262874754466
OX.XO..X.,0.061150973457373387
O.X...OXX,0.011962258991075506
.O..OXX.X,0.10246625842966267
X.OXXOXO.,0.9999981059065387
X.O.XXO..,0.988213496266268
..XO....X,0.18908241267957757
...X.OX..,0.7459899252641833
O.O..XXX.,0.3000708814844665
.X.OX.XO.,0.9978625493956035
XO.X.X..O,0.9932247101102205
..XXO.X.O,0.580277780470672
X...OXOX.,0.2440612767983388
..OX.X.XO,0.4210376459884651
.XX.O.O.X,0.9999973416708452
OXXX..OOX,0.9991080966421748
..X.XX.OO,0.6624198358304637
.XX.X.O.O,0.06687203232134203
XXX..OOOX,0.9999981059065387
X.OXO.XOX,0.9999999999964841
X.OXX.XOO,0.9999999989420619
XXO.X.OOX,0.9999998908092812
...X..X.O,0.20446522350299476
.XX..O.XO,0.8524762423018233
XO.XXOX.O,0.9999042093843097
.X.......,0.6269893974281096
.XX.XOO..,0.9403651589753991
XO.X.XOOX,0.9753662020866218
OXXO.X.XO,8.441527612899719E-13
..O.X..X.,0.5630806748060673
OXOX.XXO.,0.9997177962031881
OOXXO..XX,0.9996237282709175
..XXOOX..,0.39991546923359855
OXOOXX.X.,0.9999999994816103
XXO.X...O,0.03022712252780481
XX..O..XO,0.49206087654640096
OXX...XO.,0.7742018105103441
X.XO..O.X,0.7956504327900642
XOX..X.O.,0.3913903326606206
..O.XX...,0.5817240939171368
....X..XO,0.4298954712626184
OXO.XXO.X,0.3530963990152388
XX.O.O.X.,0.7941302610677714
X...OXX.O,0.9970807073974609
.OXOXO.XX,0.9999993288039628
O..OX.XX.,0.9116241872640769
.OX.OX.X.,0.934812194340864
X..XX.OO.,0.1504517051183056
XX..OX..O,0.4523848146374351
...O..X.X,0.8819229205154451
X.OO...XX,0.999166314914063
X.X..O...,0.8691951988490356
.OXX..O.X,0.9830130688000001
OO.X.XOXX,0.77977004749025
OX..XOOXX,0.999999681659712
.X...O..X,0.37655982079299777
OX.XO.XOX,0.5
X.O.OX..X,0.07147523497072528
.X..XXO.O,0.39932528701431846
.OOX.XX..,0.4783073437325647
XX.O...XO,0.38818629129938775
.OXOXXX.O,0.9999042093843097
XXOO.X...,0.7997346816
X.X.....O,0.41934066511188145
XOXXX..OO,0.45799167983633676
XXXX.OOO.,0.9994300552407314
...OX.OXX,0.2051228354656266
O.OXXOXX.,5.72523879716053E-15
XXO.O.XOX,0.993318269494921
X..XOOXXO,0.9999999999999761
OX.X.X.O.,0.6620172040062979
X...OO.XX,0.0033748350656384505
....XO.X.,0.4894066394055199
X.X...OOX,0.99999730761346
XX.OOXO.X,0.5604589048049782
..XXXOO..,0.052625621887207034
.OOX...XX,0.2942761467732289
XOXXOXO..,0.004844450520350001
......XOX,0.7009169483144576
OXO..XOXX,2.8954439712246035E-13
OXX.O.X..,0.13628619423589663
OOXXOX..X,0.9999999999128742
XOXOO..XX,0.5355082656034318
XXXOXOOXO,0.999999999999998
X...O..X.,0.5218407888835592
XOXXOOXXO,0.9999999999999999
X.OOX...X,0.9999944778616288
..O.OXXX.,0.6137804003189787
.OX.XXXOO,0.9999839004712209
XXO...O.X,0.2966011050751761
..X.O.OXX,0.9635010996225242
.XX..OXO.,0.9985987395507813
.OOXX...X,0.5803901403166535
.OXXXXOO.,0.9999921112308983
OX..X.OX.,0.9999999999999999
..X..XO..,0.6349377573203977
.O.XXOX..,0.5416695560185145
XOXOOXX..,1.1269670145346134E-5
O.OOXX.XX,3.4064608777060334E-14
OXOXXOOXX,0.9999999999999999
XOOXOX.X.,0.2958979622892459
.X.XXOOXO,0.9999999999128742
XX..OXOOX,0.4179007154886979
X..XXOOOX,0.9999944778616288
.XXOOX.OX,0.9998631562632996
O.OXX.XXO,7.175180080493433E-12
OO.XX...X,0.1355788249863749
..X.XOX.O,0.9999999999949774
OOX.OXXX.,0.7646309494418375
XOXXXO.O.,0.9999988067626004
XOXO.X...,0.9967551718616423
X.O.X..OX,0.9998045089475709
X..XXO..O,0.08337544488794665
.OO.X.XX.,0.029631517838844428
XXOOO.X.X,1.9549105242914946E-4
..OXOX..X,1.4990219734967896E-4
.XX.OX.O.,0.6128762617220854
XX..X..OO,0.04954860697301165
X..XOXO..,1.2059313707762022E-5
.XXO.OX..,0.31080757152335875
X...X.XOO,0.9825055569530602
.O....X.X,0.5393794783379365
XOO..XX..,0.995035572919704
XOX...O.X,0.9999938104636882
.OXX.X.O.,0.4250007158462138
...XOXX.O,0.24086520289097788
.X.XOX..O,0.19319188923323083
OXXXOX.O.,0.54671925742261
O.OO.XXXX,0.9999998440132588
XOXOXOXOX,0.9999999999999999
..XX.O...,0.9927861044410539
XX..XO.O.,0.8768489779493022
.X..X..O.,0.627402884471232
.X.O.X.OX,0.998540833720732
.X....OX.,0.4567712904069005
XOO....XX,0.5018799370815632
OOXX.XXO.,0.9049164807375154
XOOXXOX..,0.9999999999999999
X.XX.OOXO,0.9991080966421748
OO..X.XX.,0.6072738246653724
XXXOO..XO,0.999999071894204
..XX....O,0.6120538873799045
....OXOXX,0.32607303196768256
.X.XOXOOX,0.29023158775669194
XOOXX.X.O,0.9999961345031402
...XOO.XX,0.9223556689528871
OXO.X.XXO,0.9999999999999999
O...OXX.X,0.9999999497357224
XXXO.OX.O,0.9999999955937606
.XOXOOXX.,0.5724321639764737
O..XOOXXX,0.9999671438188182
X.XO.X.O.,0.9993743385183291
XOO.X...X,0.9999999999999999
OOX.XXO.X,0.9999999937053723
X...XOXO.,0.5975815459858546
.XOOOXX.X,0.991091025993228
OX.O.XXXO,0.5565586015373596
.O.X.X.OX,0.3659352455729281
OXO..X..X,0.17019625296963314
O..XX..XO,0.9999999643701222
.XOX..O.X,0.6511527348422129
.XO..OX.X,0.833727166775301
.O..X...X,0.710305700568059
OXOXX.OX.,0.9996010386685119
O....X.X.,0.5087207446312345
...OX...X,0.8859706378626075
.XOOX.XOX,0.9978858587073773
XOXX.OO.X,0.9999107089549151
.OXO.XXXO,0.9994983043612233
X.XXOXOO.,2.8053670106086596E-15
.XOXO.XXO,2.6216691583781536E-8
OXXO.X.OX,0.9998045089475709
XO.X.XOXO,0.9993310724816311
..XOO.X.X,0.19201058341936883
OX.OXX.XO,0.9999671438188182
.X..OX...,0.311913545684119
OX..X.XO.,0.984074752
O.X.XXOXO,0.4927212971062165
XOOX.O.XX,0.9999717477552661
X.O.O.XX.,0.9999999337055971
X.OO.XX..,0.9463129088000001
.OO.XOXXX,0.9999999999997973
.X.OO.XX.,0.22114221349971422
O.X.....X,0.9832179788330276
OOXXX..OX,0.9999330317161863
XOXOX.XO.,0.9999999816483158
XX.XOO.OX,0.9991080966421748
..OOXOXXX,0.9999329465690168
O..X.X.XO,0.2690656105044951
O.OX.X..X,0.02898595383362426
.XXO..X.O,0.9871263404729613
O..XXO.X.,0.38571902247171785
.OXOX..X.,0.9986212221059376
...XX.XOO,0.9198702155853878
.OX.XXOXO,0.993318269494921
OXOXOXX..,7.643350315971292E-8
XOOX.XX.O,0.9999042093843097
..XO.OX.X,0.5306122126865294
OXXOX..XO,0.9999999937053723
O.XXOX.OX,0.999999681659712
.X.OXO..X,0.9243461596358695
....X..OX,0.9635494098260862
.XO...X..,0.1613017205283141
OXXXO.O.X,0.933258056640625
.OXO.XXOX,0.9999999737833084
XOOOXX.X.,0.9999623303403548
OX..O..XX,0.23050723384062732
XO.XO.OXX,2.7927293204164206E-4
OO..XOXXX,0.9999999998755347
XOXOXXO..,0.9999717477552661
OXOXO..XX,0.31554422075468247
OX.XOOXX.,0.3913337283051652
..XX..XOO,0.5296618035791048
XXO.OOXX.,1.6691658300759563E-14
.X...OOXX,0.6424579000860666
...XXOXO.,0.8839928146522987
OXOXXOXOX,0.5
.XXX.OXOO,0.9999717477552661
OX..OXX..,0.3489379756460055
OX.XXOX.O,0.5243418772500391
X.X...OXO,0.9668224000000001
OX..XO..X,0.9973031548026879
XO.XXOO.X,0.9999042093843097
OXX..O..X,0.16876091671875
OXXX.OX.O,0.46463896638834584
XX.O...OX,0.9967473368330333
X........,0.5547723480507526
OO.X.X..X,0.48448176634341505
OOXO.X.XX,0.9999981059065387
.X.XXOXOO,0.6289137922229888
XXO.O.XXO,1.0919071879958989E-7
X.OXO...X,0.4068799419191964
.X....XO.,0.8956218673857945
XO.XX.O..,0.9963308228608001
.OOXX.OXX,0.6487530777370082
X.OOX.OXX,0.9996010386685119
.XOOXOXX.,0.9999671438188182
XO...X.OX,0.15378267064801304
X....O..X,0.46586635726434983
XOXX..O..,0.098130234375
OXX......,0.34383164926042725
O..XO.XX.,0.6226650222290221
X..X.OX.O,0.9999999999999999
.OX...X..,0.6140766951444976
.XOX.X.O.,0.9838076440446366
XXXOOXO..,0.9999993503259428
X..O.X.OX,0.9992569916293119
XXOOOX.X.,5.699447592686572E-4
..XO..X..,0.4047485524519662
XXXOXOOOX,0.9999999999999999
..XOXXXOO,0.9999986741345771
...X.O..X,0.894832095266111
O.XX..X.O,0.08360736686854525
.XOO.X..X,0.17286803314453122
OX..X....,0.6213015328791965
OXO.XOXX.,0.999999681659712
XX.OO.XXO,0.0016616465284800502
...OO.XXX,0.9999999999999999
O.XX.OX..,0.7577507765779449
..XX.OXO.,0.9966602334306304
XOXO.XOX.,0.9999932956098923
X..XXOOXO,3.183402880454516E-7
.O..O.XXX,0.9999999999997973
OXO..XXOX,0.5
X.O.X..XO,0.13101043837535659
......OXX,0.3000010289093586
XOOX...X.,0.8900178932747207
..OOX.XX.,0.9985582267558124
.XXOOX.XO,0.5984365546740995
X.X..OOX.,0.8544003228825027
..XXOO..X,0.15173921566275467
XOXOXOXXO,0.9999999999999999
O.OXX.XOX,0.009886633715
XO.OXXOX.,0.9998412603642933
XXXOXO..O,0.9999972941521982
O...XX...,0.4519616153244323
OO.XX.OXX,1.5598674114227127E-7
.X.O.X.XO,0.8627478080575162
XO.XXX.OO,0.999999681659712
XXOXX.O.O,6.951960974910272E-14
OOXXXXO..,0.9999329465690168
OXOXX.XO.,0.9988107955228998
OX....X..,0.4661236533090337
XXOXXOO..,0.7278600832202402
X.XX.O..O,0.9991340477265418
X.XOOX.OX,0.9999995452281599
.X.O..X..,0.38330170168539807
XXOOXXXOO,0.5
..XOOX.X.,0.8754347257999576
XXOXO....,0.1425942558554603
O.O.X.XX.,0.25966948197705797
..X.O.XOX,0.0012167325200117258
.XX....O.,0.6754412276957916
X.XX.OOOX,0.9999962287805644
..XOXXOXO,2.705847801897607E-6
..XX.OOX.,0.91611392
O.OXOXX.X,7.643350315971292E-8
O..OXOXXX,0.9999329465690168
OXOX.X...,0.3879722343578208
XXX..OXOO,0.9999921112308983
X.X.X.O.O,0.00872489120097656
.X.OX....,0.886238705927344
X.OXXXO.O,0.9999999999999999
X.X..OXO.,0.9762465518144124
O.OXX.OXX,0.11799087451506468
OX.O.XXOX,0.9999788108164496
..XX..OXO,0.5820452403510815
OX.X..O.X,0.5038395660566255
...X.....,0.6564192030086885
XXX.XO.OO,0.9999999996371273
X.X.O....,0.21300380235630403
....OX..X,0.33778517950674236
XXXOO..OX,0.9999995452281599
XO.X.XXOO,0.9999839004712209
X..XO..XO,0.6756873181536043
.OX..OX.X,0.9468161786254754
.O.XX.X.O,0.9921639559021068
XX.OXOX.O,0.4651449424942461
O.X.XXXOO,0.9999972941521982
X.O.XO.X.,0.270904712017343
XO.OOX.XX,0.99988094527322
XOO.X.OXX,0.9999999910076748
OOXX.XOX.,0.9998412603642933
OOX..XXXO,0.6402406965766799
XO..X.X.O,0.9913001140000001
..O..X.X.,0.3820173005431674
XOX.XXOO.,0.7435725148138856
X.O.OXXOX,1.368437367004046E-4
O.X.O.X.X,0.6027141242016414
X.OX.XXOO,0.9999671438188182
XXO..X.O.,0.7061162426401342
X..OXOX..,0.9876250586611831
XXOXOO..X,0.13107766418667058
O.XOX..X.,0.48025954637321433
.O...X.X.,0.29426517607016206
XO.OXXXO.,0.9999999328046082
X.X.XOO..,0.9848077630252443
.XO.XXOOX,0.9999788108164496
X.XOXXOO.,0.6987342218947956
..OXXO.X.,0.23633252354661183
.XOOX.XXO,0.9999986741345771
X..OX.X.O,0.5220163945592289
..OXOXXOX,0.0016616465284800502
OOX.X..X.,0.6824684661553663
X.OXX..O.,0.9998645421775303
.X..XO.OX,0.99706465828864
..OXX..XO,0.5141040173548188
.X..OXOX.,0.24600316690815083
OXXOOXXOX,0.9999999999999999
OXX.OOX.X,6.705343098319826E-5
..XXX.O.O,0.09080562004488313
.X...OXOX,0.7858843137213513
OX...OX.X,0.975627134337024
..X..OXXO,0.6480172680797252
O..X.X.OX,0.9995433454807936
XXXOX.OO.,0.9999998908092812
XX.XOO.XO,0.9660924459800795
..XXO....,0.0964452337387559
X.X...XOO,0.6748469197624205
.XXXXO.OO,0.8859432988400191
.XOXO.XOX,0.9881213679909706
XO..XOX..,0.7483982062141612
OXXOXO.X.,0.9999042093843097
...O.X.X.,0.8725321700260321
.O.OXXXXO,0.9997177962031881
OX.OXX.OX,0.0588245
OOXXXOXXO,0.9999999999999999
O.XOX.XOX,0.9999995452281599
...X..XO.,0.6126400112899775
XO.XXOOX.,0.9994983043612233
XOXO.XX.O,0.9999623303403548
..XXO.OX.,0.03634399154663086
XOXXOOOXX,0.5
OXOO.XXX.,0.9997177962031881
X.XXOOX.O,0.9999999989420619
XXO...X.O,0.005606744498958118
X.XOXOOX.,0.9999999328046082
OX......X,0.28722811093117
X.XO.OXOX,0.9999999920100269
.XXXXOO.O,0.3365656043167784
XO.XX.OXO,0.991091025993228
X...XO...,0.49560645179268276
XX...XOO.,0.5529476682850791
.OXXXOOX.,0.5
X.OOOXX.X,0.9881213679909706
X..OX.O.X,0.999999999999409
XOXO.O.XX,0.9996980916614193
O.OOX.XXX,0.9999999999128742
XXO..OX..,0.02063900130429705
OOX.XXXO.,0.9999329465690168
X.XOX.OXO,0.9788824319839478
..X.XO...,0.8775911762163047
.OOX.OXXX,0.999999681659712
.X.X....O,0.31995403963776115
OXX.XOO.X,0.01412376245
XX.O.XO..,0.9338023578782264
.XO.O.XX.,0.9074259510587391
X..O...X.,0.3961172416551613
..X..OOXX,0.1545328125
OOXOXXX..,0.9999997771617983
..XOX.O.X,0.17124193510826977
X....XXOO,0.9993659661903462
.XXO.XO..,0.3837846628357179
O..X.X...,0.8378860852909034
O.XXXXO.O,0.9999999999999942
XXXXOO.O.,0.9999986741345771
.X.XOOXOX,0.9988107955228998
.XO.XX..O,0.9982550499689469
OXOOXXXOX,0.5
OX.OXOXX.,0.9996010386685119
.X.X..OOX,0.6326258538856216
..XO.X.XO,0.3511654986928129
.XO..XOX.,0.35660913991381843
XX.O.OXXO,9.323056708580675E-18
XOOXO.XX.,0.9994300552407314
O..O.XX.X,0.9324883180836802
X...X.OOX,0.9999999955937606
....XX.O.,0.8144467899618756
XOXX.XOO.,4.5682977872045305E-18
OO.X.XXXO,5.37455666366826E-19
X.OXXO.OX,0.9999671438188182
.XO.OOXXX,0.9999999816483158
.OX.XXO..,0.9772146545546034
XOOXXX..O,0.9998045089475709
.X..XOXO.,0.8389300004572469
OX.X.OX..,0.128304242817264
..OX....X,0.26493491121995105
XO..XXO..,0.9979821173874661
XXOOX.OX.,0.9999329465690168
.XXO.OXXO,0.9982976775336827
...X.OOXX,0.9549566390599733
.XOXO...X,0.3034451469227041
..X.X.OOX,0.906802201277412
..XXOOOXX,0.5
XOOXXXOOX,0.9999999999999999
X...X...O,0.18190871369746403
.O.X.XX.O,0.9334837366237592
OXXO.XXO.,0.9999880810842529
...XOX.OX,0.009192206410509576
OX.X..X.O,0.41826671145523175
X..XOOOXX,6.705343098319826E-5
O.OX...XX,0.20384879191927183
X.X.OXOXO,0.933258056640625
XOXOX..OX,0.9999999871538211
..X.X...O,0.5949445767908079
O.O.OXXXX,0.9999999999999514
O...XXOX.,0.2879930144761764
XO...X.XO,0.9463129088000001
OXOX.X.OX,0.9988107955228998
XOX..XXOO,0.3931242706265718
X.O..X...,0.6624388800753256
XXOO.XXO.,0.5
.O.XX.O.X,0.9980046161920001
.X..X.OXO,0.9999999999999883
O.OX.XX..,0.0025439629472997225
.OXX.OXOX,0.9999483283900292
XXO.OX...,0.11021661275615412
.XX.O.XO.,0.5059109499436062
..X...XO.,0.6278108254062735
O.XOOXX.X,0.9999999999999006
.O..XOX.X,0.9982385234143407
.OXOO.XXX,0.9999998908092812
.OOXX.XOX,0.8917378867027105
OXO.XOX.X,0.9841618239879608
X....XOXO,0.6205079889294942
..X.O.XXO,0.01583498085336173
.X.XO.XO.,0.9811323834387695
OX.XXO.XO,0.9999921112308983
..X.OOXX.,0.6050344794315388
OO..XX.X.,0.18302912352804043
..XOXX.O.,0.9995745059311053
OX..XX..O,0.9999934874947098
OX.XOX...,0.0138634973476775
XXOOXO..X,0.9998045089475709
.OX....X.,0.8560974797097831
.XOO.XX..,0.9463129088000001
.OXXX.XOO,0.9999921112308983
X.XO..XO.,0.9978328759334214
.X..XOOX.,0.9998045089475709
XOOOX..XX,0.9999671438188182
.OXXXOXO.,0.999999071894204
XX.OO..X.,0.08628292776213436
XOXXO.OX.,0.5
XXOXO..XO,1.5113400985887543E-9
.OX.X..OX,0.9999972387847471
OXO...X.X,0.965828125
XO.O.X..X,0.804770298179734
..O.X.XOX,0.9409468451117957
O.XX...OX,0.98598578176
.OOX..XX.,0.36998436360621234
O.O.XX..X,0.01674940732512143
.XX.OOOXX,0.0016616465284800502
XO..XOXXO,0.6553026384820793
XXX.OXOO.,0.999999999998794
XOOOXXX..,0.9999330317161863
.XX.O.OX.,0.6719450745293056
.O.O..XXX,0.9997207270679583
.XO.XXOXO,0.9999671438188182
XOXO...X.,0.9658580367018004
XXXXO..OO,0.9999999999964841
X...OXO.X,0.1554313540634825
.X..X.XOO,0.7718103385967303
.XOO...XX,0.8465207065122689
.OXX.OOXX,0.5
OX..XXOOX,0.5826419620926591
O...XXXO.,0.9993728804515292
.X.XX.OO.,0.14788504595266347
OX.OX.XXO,0.9999839004712209
XOOX.X...,0.9364654361731026
OOX..XXOX,0.9999999997459891
...X..OX.,0.4121595046908205
X..X.XOO.,0.10949923954680489
.X..OXX.O,0.1945201680469667
...OOXXX.,0.6501558185922629
OX.XX..O.,0.9448811211559383
XOXOOX..X,0.9999999999701159
X.O.OXXXO,0.9624576568603516
OOXOX..XX,0.6887957787738501
.XOOXXO.X,0.7941949203304259
.OXX..XO.,0.6592427302994197
O....XXXO,0.1512493786248829
.OX..XX.O,0.6922040869635837
X.OO.OXXX,0.999999999998794
.X..OO.XX,0.0564288464103386
O.X.OXOXX,0.9999999999975389
.OOXOXX.X,5.909069329029803E-13
.OO.XXX..,0.12116049897439532
X.OOX.XOX,0.9999770006731727
XX.OOXX.O,0.9841618239879608
XO.OX...X,0.9999839004712209
..X..OXOX,0.5320549225661338
XXOXOO.X.,4.136348530320862E-13
.OO.X..XX,0.302220522649329
.O...X..X,0.5513078427518211
X..XO....,0.49425646954675595
OOXX.X...,0.9506908064157376
XX.XXO.OO,4.8663726824371904E-14
.OXXXO...,0.995413528576
.XXX...OO,0.436282148973529
.XOX.O.X.,0.4318835014774493
XOX.OX.XO,0.5
.O.OXXXOX,0.9999998407220342
.XXOXXO.O,1.1684160810531695E-14
.OXX.OXXO,0.9999910608131897
X.O.XXOOX,0.9994300552407314
X.O.XX..O,0.9819974174521898
O.XX.XO..,0.9504575926421683
.OX.OX..X,0.9999999999999999
XXOOO.XX.,0.0023737807549715005
..OXOOXXX,0.9999999625475835
.X...X.O.,0.5258470149958591
XO..OX..X,0.1612888163389627
XO.O.XXOX,0.9999999880406639
XXO.X..O.,0.6515614898996852
XXXO.XOO.,0.9999770006731727
X.X.OXXOO,0.22772581217282664
XO.XOXX.O,0.9999981059065387
XXOO.XOX.,0.7750048428759265
X..XOOXOX,0.9999999999975389
O.XOXOXX.,0.9999042093843097
.OX..XO.X,0.9999770006731727
X.OX...OX,0.9792583384175686
X.X..XOO.,0.24596585645979563
..OXX....,0.37075523387154574
OXO.XX.XO,0.9998631562632996
XOXXOO..X,3.865496859853724E-6
..XXOOXOX,6.496740572356155E-7
XX.X...OO,0.09375992680139444
......XXO,0.23135995128731074
O..XXXOOX,0.9996010386685119
XXXOO.XO.,0.9999999937053723
X.OXOOX.X,0.9999329465690168
XX.OXXO.O,0.3835171987361834
.OXXOXX.O,1.2446535588120789E-10
O...O.XXX,0.9999999999999998
OXOXX.O.X,0.9999999949546551
X.XO.OXXO,0.3187053527953216
..O..OXXX,0.9999999992594434
XOXOX..XO,0.9993310724816311
OXOX.X.XO,0.8007774962131058
XO.XOO.XX,0.9997177962031881
OXX.XX.OO,0.742422538002174
.X.O.X...,0.5354244583123623
.XOXXOO.X,0.9999949717074192
OOXXOXOXX,0.9999999999999999
OX.XOXXO.,0.0023737807549715005
XOXOXO.X.,0.9999998407220342
XXOOX....,0.9995129018461798
O.XXOO.XX,0.9949887021211907
..OX..OXX,0.34751990592898985
.XXO...OX,0.9991937157791185
..X..O..X,0.9491407315188247
.XO..X...,0.3282561537537233
XO.XO.XXO,0.9976262192450285
.O..X.X..,0.5384420096898612
..O.OXX.X,0.9178608357701035
..XX..OOX,0.9990241823398298
.OXXOO.XX,0.9997177962031881
X.XO.XO..,0.8132206060500419
O..XXX..O,0.999999071894204
OO.X.XXOX,2.23846591573022E-18
OX.OOXX.X,0.9999971715854232
XO.XX.XOO,0.9999887303298546
O.OXXXO.X,0.9999999999999999
X...X.OXO,0.9995843429087401
XOOXXXOXO,0.9999999999999999
.X.XXO..O,0.20176578622938318
.....OXX.,0.5395298976191159
XX.X.O.O.,0.9977947675488994
.X.XOOOXX,0.0016616465284800502
X.XOO..X.,0.19709444957510797
XXO.XXO.O,0.44353002803085567
.XXX.O.O.,0.9984435559687808
X...XOOX.,0.9459158294390198
..OXO.XX.,0.5053111667618495
OXXX.OO.X,0.5
XX..OXOXO,0.4303869254493261
..XO.X.OX,0.9999042093843097
.OOXXOXX.,4.8663726824371904E-14
.X.XXOOOX,0.9999107089549151
..OOXX.X.,0.8231144048781307
.O.X.O.XX,0.9925536168745148
OXXXOOX..,4.6937401688238784E-5
X.O..XOX.,0.8263190584674428
XXOX.OO.X,0.8668237647653476
...XOX.XO,0.009119961114916355
X.XOXOXO.,0.9999998908092812
X..O.O.XX,0.7694087045896684
OOX..XOXX,0.9999999737833084
.OOXX.XXO,2.8954439712246035E-13
XXOX..O..,0.223407990444234
X.OOX.XXO,0.009886633715
XXX..OO..,0.9999671438188182
OX.XXO.OX,0.5
.X.OXOX..,0.8710167312636591
.OX.XOXXO,0.9999887303298546
OXX.X.O..,0.046208115908123445
.XO.XXXOO,0.991091025993228
.O.XXX.O.,0.9999042093843097
XXO.XO.OX,0.9999981059065387
OXXOXX..O,0.5391826868697099
O..OX..XX,0.12541608351894507
.XOOX..X.,0.9999530625983117
O.X..O.XX,0.7662723453238759
OXX...X.O,0.3411279147319484
XX.OX..O.,0.9967542783901696
.XOXX.O..,0.9999999986773931
.....XO.X,0.2897834844167196
X.OX.XO..,0.7255157739703284
XX..OXXOO,0.9999993288039628
XO..X..OX,0.9999999999128742
..O...XX.,0.6912932034703388
OXOXXX.O.,0.9999329465690168
X.XOX.XOO,0.9999921112308983
OOXXXO.X.,0.9997883471523911
....O.X.X,0.596585217195098
.XX.OO..X,0.0021548173793671443
XO.O.XOXX,0.9999988067626004
OXX..OX..,0.6951142491153964
...X.OXOX,0.9957001830400001
XX.O..XO.,0.9978625493956035
.XXXOOX.O,0.6284788317906266
O.O.XXOXX,4.8663726824371904E-14
XOXX.O.XO,0.9999788108164496
O.X..XX.O,0.43111500166444783
X.OOXOXX.,0.3695576083139325
XXX...O.O,0.9999999999999999
XO.XXOXO.,0.999999681659712
XX.O.OXOX,0.9999997734709589
..XXO.XO.,0.22581130741203115
X.OXO.X..,0.9999999999999659
OX.XOXOX.,8.712574911684553E-11
XOXXO....,0.005854164820889918
...OXO.XX,0.9813544859109062
.O.OXXOXX,0.811003765415018
X..OXX.O.,0.9981132469859997
.OO..XX.X,0.7419139647289243
XO....X..,0.9037913102562964
XO.OO.XXX,0.9999999992594434
O.XX.OXXO,0.5263013739860287
X.O..XXO.,0.96461056
OX.OX.XOX,0.9999788108164496
O.XXXOXO.,0.9999042093843097
...OXXX.O,0.9991592437304687
.XX.O....,0.6504848588756912
X.XXOOO.X,0.9949887021211907
..X...OX.,0.32647911746524516
OXX.O...X,0.7676918965276168
XXOX.X.OO,0.6176020624806026
O.XXX.XOO,0.9999981059065387
.X.XO.OX.,0.0768172762981896
X.XX.OXOO,0.9999671438188182
O.X....X.,0.24820672634425717
OXXX.X.OO,7.924467448580671E-17
.X....O.X,0.4378683959432332
XOXOOXOXX,0.9999999999999999
..O.X.OXX,0.7100236554343928
O.X.XX..O,0.734413100147767
XX.XOXOO.,1.2446535588120789E-10
.OXXO..X.,0.4737876518136983
X..O.XX.O,0.9328911360000001
O.X.OX..X,0.9999999999999999
OXO.X.X..,0.9991998429385125
X.XXXO.OO,0.5210324252534541
XX.OXO.OX,0.9999997771617983
.OXXX.OXO,0.993318269494921
.OXOXOX.X,0.9999993503259428
X.XOOXX.O,0.9971811449431698
.XOXXX.OO,0.9999999992594434
OXXX..O..,0.3060134855802631
O.XOO.XXX,0.999999999999996
.XOX...XO,0.0032813983124671308
.O.X...X.,0.22845182920386833
O.XOX.XXO,0.9999998908092812
.X.OX.X.O,0.8846406497302606
OOXXX..XO,0.9999999496034562
O.X.XXOOX,0.9999993503259428
O..OXXX..,0.39351287730715484
..X.OXO.X,0.9999999999999999
XOO.O.XXX,0.9999999999999918
XO.X.X.O.,0.43817278367908163
.O...XXOX,0.3649778295261663
OOXOXOXXX,0.9999999999999999
.OX.OXOXX,0.9998045089475709
XX.O.OOXX,0.9698748705109778
OO.X.X.X.,0.11967118963326753
XXXX.OO.O,0.9999997771617983
..XXX.OO.,0.13175398735395444
X.XO.....,0.7464232738295707
X.O..O.XX,0.7973058156989241
.XXOOX...,0.9748694070968963
.X.X.OX.O,0.26383452558736853
.X.XO..OX,0.4624712031922458
XOO..XOXX,0.4562254286901439
XO.X..O.X,0.7381720002868424
OXXXX.O.O,0.2910970723500947
..O.XXO.X,0.6236910317878124
OX..X..XO,0.9999999994816103
O.O.X..XX,0.04715305040705095
.OXX.....,0.7921119251202788
....XXXOO,0.9993072381812335
X.O.XXOXO,0.9999999880406639
XOX.O.X..,0.004151387381155128
..X.OO.XX,0.0034272618722535307
XX...O.XO,0.4219750397881061
O.XO.X.X.,0.2241029945994583
..OX.OX.X,0.9960580412661189
.XXO.OOXX,1.8434729356382135E-19
X.XXO.O..,0.5984935934619343
..OXX.OX.,0.7636332220542773
..XXOOXXO,0.6484441006926029
X.O..XX.O,0.9544374999999999
O..XXXOXO,0.9991857932010447
XOOXXXXOO,0.9999999999999942
XO..X.XO.,0.9999999999941445
X.X..O.OX,0.9657024457475083
OO.XXX.OX,0.9998631562632996
O....X..X,0.5330431893958456
XOX..X..O,0.06898536254882812
...OX..X.,0.7247031274143346
OXO..X.X.,0.4753238968935051
XOX..XOOX,0.9999999989420619
XX.OOX...,0.7224051781533696
X..XXOO..,0.6534786633132704
O.O.XXX..,0.14602279880397914
OX..XO.X.,0.9999944778616288
X.X....O.,0.5334273467253647
OO.XO.XXX,0.9999999999999999
..X.OXX.O,0.38556044099796183
OXXXXOO..,0.9881213679909706
XOOOXX..X,0.9999972941521982
.X.O.XOX.,0.5006178305829954
.O..XX.XO,0.9974679788799998
XOXO.XO.X,0.9999986741345771
.X..O.XXO,2.0009527929916252E-5
...X.XO..,0.5393170825947353
OOX.XX...,0.8221546133602006
.XOO..XX.,0.9967045148338075
OOXXXXOXO,0.9999999999999999
OXO.O.XXX,0.9999530625983117
XOX.OOX.X,1.2446535588120789E-10
X...O.OXX,0.08137132233080188
OX.X.....,0.5693935272338193
O.XXOXOX.,0.2836463736784778
XXO......,0.40727998626011824
....OX.X.,0.4077621437509254
..X.O..X.,0.4929391204556061
X...XOX.O,0.10274696475885924
OOXOX.XX.,0.9999770006731727
X....X.O.,0.5228737592779754
OX.O..X.X,0.98489369002668
O.X.X..OX,0.9028328048335647
XX..OX.O.,0.4197463551130928
O..X.XXO.,0.6976803698803324
OO..X.X.X,0.5419863276800955
.X..OOXX.,0.05118611624305789
..XXXOOOX,0.99988094527322
O.XXXO.XO,0.9999978786890674
.O.O.XX.X,0.9980953911424832
.OX...XXO,0.552583507748505
.XOX.XOXO,0.8033419464996314
.OOOX.XXX,0.9999944778616288
XO.OX.X..,0.9991031933125
..XXXO..O,0.5237797520414565
X.XO.O..X,0.38277275645720854
.OXXXXO.O,0.9999986741345771
XOOOOXXXX,0.9999999999999999
XO..XOOXX,0.9999329465690168
.OX.XO.X.,0.996868968841216
.XXOX..O.,0.9038247630199574
.O.XOX.X.,0.2442361178998207
X...O.XOX,0.0026148412790262658
..XX.OO.X,0.9328911360000001
.X..X.OOX,0.5704857515565744
X.OXOX.XO,0.3480826082618414
O.XXOXXO.,1.778076512588684E-10
OXXO.X...,0.07884688166399781
X..OOX.X.,0.5040447006137279
.OX..OXX.,0.9931132509291105
OOX..X..X,0.9999999910076748
OX.XOO.XX,0.9971811449431698
XXO.OO.XX,3.6287275767115994E-10
.O.X.X...,0.6657545349022411
XO..OXX..,0.21910498987172833
...X.OXXO,0.2748728668142578
XOXO.OXX.,0.999861724900125
XXO..O..X,0.6150187729265758
.XOOXXX.O,0.9993310724816311
XX..O.O.X,0.48047419603133856
OXXOOX.X.,5.909069329029803E-13
.O.OXX..X,0.9992646749636802
XXX.OO.XO,0.9999999998755347
X.XXOX.OO,9.622408846387706E-16
OX..OX..X,0.32261637945147664
XO...OX.X,0.9993505357949064
....XXOXO,0.9999993212602629
XX.OX.OXO,0.9999839004712209
...XXXOO.,0.9999999999999999
XXO.OXX.O,0.9110107421875
..OO.X.XX,0.7362214544046901
O..OOXXXX,0.9999999999573084
.XXO.OXOX,0.9999999860180029
OX.XXXO.O,0.9999999997459891
O.XX.OXOX,0.9997177962031881
OOXX.XX.O,0.8897151045012959
XOXO..XXO,0.9999717477552661
XO..O..XX,0.5951672740251197
O.XOX...X,0.40258098980672075
.XOOXO.XX,0.9999042093843097
OX....XXO,0.23992217556810047
XO.XOOXX.,0.9999993503259428
XXX.O..O.,0.9999999999997973
OXX.O.OXX,4.406239354486164E-9
.OO...XXX,0.9999999999999999
O.O..XX.X,0.03599560350997015
.OXOX.OXX,0.7216802204736487
..OXXO..X,0.8356599416080088
.XXO..XO.,0.9992074577379328
.OXXX..O.,0.8432220895038618
XX.OXOOX.,0.9999530625983117
..OX..X..,0.8388706497565461
..XOXOX..,0.9999999999949774
..X......,0.5287147575667973
X.OOXXO.X,0.9999839004712209
OOXX.O.XX,0.9999788108164496
.XXOXO.OX,0.9999999496034562
XX.O..OX.,0.7921320641757383
XOO..XXOX,0.4573342222070452
XXO.O..X.,7.778242149627309E-5
XXXXOOXOO,0.9999999999999999
X..XX.O.O,0.016871229543292923
...XOXXO.,0.018428651988641177
XOO.XX.OX,0.9999530625983117
..XOX.X.O,0.9998631562632996
.OOXXXX.O,0.9999999464965478
O.OXOXXX.,4.269161706725431E-11
O..XXXXOO,0.9999770006731727
XXOO.X.OX,0.9997883471523911
OX...OXX.,0.6887576354585165
XO..X.OX.,0.9895023999999999
.XOO.OXXX,0.9999887303298546
XO.OXOX.X,0.9999995452281599
XXXOO.OX.,0.9999999999128742
OX.XXOXO.,0.9997883471523911
XO.XX...O,0.9856179408793599
OXOOXXXXO,0.9999999999999999
OXXXO....,0.044285105928662014
XOX.XX.OO,0.520544249929918
XOOOXXOXX,0.9999999999999999
OX....OXX,0.11479838033745364
OX..OXXOX,0.9788824319839478
X.O.OX.X.,0.39661070563201284
.X.O.XXO.,0.9981110534068522
XX.O.O..X,0.5403812848118459
.OXX..OX.,0.9463129088000001
.X..OXO.X,0.37235526004682085
..OXXOXOX,0.9998412603642933
XXO.XOXO.,0.6243603664431024
OX.OX...X,0.38404490263934693
X.X.OX.O.,0.13324940332092736
X.....O.X,0.6310348626460413
X.OOXXX.O,0.5
XO.XX.OOX,0.9999981059065387
XO.XXO...,0.9964885206873834
XO.XO..X.,0.9237554176
XOXOOXXXO,0.5
.X.XOOXXO,6.951960974910272E-14
O.XXOX...,0.3887260574352356
XXO.X.XOO,2.2999326827237008E-5
O....XOXX,0.28376300200219495
XOOX.XXO.,0.9999961345031402
XXOOXOX..,0.7912795672969412
XX.X.OXOO,0.9999921112308983
XX...O.OX,0.9879852612198448
.XXOXO.XO,0.9999770006731727
.OOXXXO.X,0.9999944778616288
.XXOOXOX.,0.7320565620608046
X.X..O.XO,0.9519936420977912
X.OOXO.XX,0.9997207270679583
XOX..XOXO,0.5
O.XX..XO.,0.6774329576854582
O..X.XOX.,0.46910422551642905
OO.XXX.XO,0.9999961345031402
.XOX.XOOX,0.9129166186175584
OOXXXX..O,0.9999839004712209
..XX.OX.O,0.8100880402237773
..X.X.OXO,0.9997912034351886
.OOXX..X.,0.15508481800541357
O...XX.OX,0.9816457716047854
X..OXXXOO,0.9996237282709175
.X.XOXO..,0.10210190517238635
X..XO.XO.,0.9999999999999999
O.X.XO.X.,0.9940738837707062
OOX.XXOX.,0.6295583195786235
XOX.X.O..,0.939316305836219
..X.XOOX.,0.9650476915802767
X.OXXXOO.,0.9998631562632996
OXX...O.X,0.005972299157118987
OX.X..OX.,0.4465179446624782
.OX...XOX,0.417409190927885
XO.XOXO.X,1.5113400985887543E-9
OOXX...X.,0.6100867905644263
OXO.X...X,0.9991592437304686
XX.OXOXO.,0.9999999104061442
OX..X..OX,0.10578544628906253
XX.OX.XOO,0.99988094527322
O.XO..X.X,0.9990281638879077
.XOX.X..O,0.325816240485618
OXXOO.X.X,0.3847401977157972
.X..X...O,0.4401152381233242
.O..XX.OX,0.7331606593119632
OOXXXXOOX,0.9999999998221923
O.X..XO.X,0.9999999999999999
OX.O.X.X.,0.20298253618457326
XXOOX.X.O,0.01412376245
.XXXO.O..,0.7541067575789433
X.XOX..O.,0.9995339040088858
.......X.,0.41791964641609197
O..OXX..X,0.00467475009607961
X..XOO..X,0.37031409988988095
XXOXX.OO.,0.9364645827032283
X.XO.OOXX,0.5081773577028551
.OXXOX...,0.026796502763898486
O.XXXO.OX,0.9988107955228998
O.X.X..XO,0.8981186326023582
XOXXO.X.O,0.9999999996371273
.X..O..X.,0.37682496666035303
...X...OX,0.6433512980576854
..OOX.X.X,0.9994943317245673
O.XX..OX.,0.040723040776032005
.XOXOOX.X,0.9999999787389581
...OXXO.X,0.416310692275962
..X.XOXO.,0.998836847430064
.XOOOXXX.,0.993318269494921
X.OO..XX.,0.26909559850770637
XXXOX.O.O,0.999999999939012
XO..XOXOX,0.9999961345031402
.X...OX..,0.5566520611765295
X...O.XXO,0.8730931685501371
.XO..XXO.,0.95705032704
..XXOXO..,0.5201937479327803
O.OX.OXXX,0.9999999969156325
X.OXOX.OX,7.175180080493433E-12
OXX.O.XOX,0.991091025993228
O....XXOX,0.8891563998270955
O.OXXXX.O,0.9999999999999999
..OXX.XO.,0.9999551183093897
..X.X.XOO,0.9999944778616288
.X....X.O,0.33362939208147335
X.X.O.O.X,0.9920809118486023
.X..XO...,0.5343236327632894
X...OOXX.,0.2328424767375597
..O.X.XXO,0.10415446758669504
X.XX.O.O.,0.9994139273289113
.OX.X..XO,0.9916019200000001
O.OXXO.XX,0.5767015733647092
....XX..O,0.6908176156531115
XXX.OO.OX,0.999999999939012
.OXO..X.X,0.9999075436290761
XOXXOOX..,0.9999999978409427
X.XOXXO.O,3.865496859853724E-6
X..O.X...,0.8548194205676635
.X.OX.O.X,0.3214380697296453
OX....XOX,0.91611392
.O.XO.X.X,0.2749906099975047
O.X.OXXOX,0.9999999996371273
.OO.OXXXX,0.9999999999999999
XO.OXX.XO,0.5
XXOXO..OX,0.3662052609440961
XXXOXOO..,0.9999998908092812
X.OOX..X.,0.9977449159545358
O.OXX..X.,0.24831300134744483
.OXOX...X,0.9982199477554933
..XXO..OX,0.10263843675871581
OO.OXXXX.,0.3843513219892086
X.XOOX...,0.986456314994838
X.O.XXXOO,0.9788824319839478
OO...X.XX,0.45713964426783255
.X.X.OO.X,0.9846668652722749
XOO..XXXO,0.9978858587073773
X.XX...OO,0.2529693076504508
XO.X..X.O,0.9999944778616288
.OXX.O..X,0.8283893488900989
XX.O.....,0.5853498721542889
X..OO.X.X,0.01884180412489382
X.OX...XO,0.14952425276336984
OXOXXOX..,3.865496859853724E-6
X.O.O.X.X,0.7826890657326154
OX..OXOXX,8.712574911684553E-11
..OXXOOXX,0.9999997876293789
.XO.XX.O.,0.9934356127744001
.....XX.O,0.3695160815171747
.O.XXXXOO,0.9999042093843097
.XOXO.X..,0.9560979306636603
OX.X.O..X,0.91611392
XOO.XX.XO,0.996241526590893
.....O.XX,0.5570380608042693
..OXO..XX,0.5366145187663504
OXXOXXXOO,0.9999999999999999
.X.OXX.O.,0.8284276498327142
.XXOOXXO.,0.9999330317161863
OXX.XOX.O,0.9999921112308983
O.XXX..O.,0.9976334267968751
OO.XX.X..,0.46802725008589624
.XX..XOO.,0.63165024982588
XOOO.XX.X,0.9999910608131897
O.OX..XX.,0.1687849838191079
.XXXOOO.X,0.9841618239879608
OOX.OX.XX,0.9997207270679583
XO.O.XXXO,0.5
XOOX.XOX.,0.8564868835048665
X..XO.OX.,0.08413569057518047
..O.XOXX.,0.7028781174285903
.O...XOXX,0.6170526677095154
X.XO..OX.,0.84601900327838
.O.OOXXXX,0.9999944778616288
XXXOO....,0.9999999999999999
XXOXXOOOX,0.9999999999999999
OXOXX.X.O,0.4115593550100489
X.OX.O.X.,0.3755286491256725
..OXOXX..,0.3751745393519116
OXXXOO..X,0.5
OXX..X.O.,0.42506881513557426
O.XX.OOXX,0.5
