..XOX...O,4.850820174024786E-4
OXO.OX.X.,0.9999972819321823
XOXO.OOXX,2.4946489993774596E-45
XO.OXXO..,0.0011362267206873895
X..O..OX.,0.008431103676993533
OXOX.....,0.7161074293490548
X.O..XO..,0.03619687155388472
.O.X..OX.,0.2632247291941411
.XOOXX..O,2.3541009514267176E-6
OXX.OXO..,0.19627073624655744
XO...O..X,9.81538026817631E-9
XXO...XOO,0.007414975286249999
OX.....OX,0.3795024202857923
.XXXXOOOO,0.9999999999999993
XXO..OXO.,2.7563051993545496E-5
O..X.XO..,0.3707430158930013
XXO.O.O.X,0.9999999999999999
X.X.OO.OX,0.5295484580255516
O.X.O..X.,0.10860113208593236
OO.O.X.XX,0.4568186372743324
X.OOOXXOX,0.5
.XO.X.O..,0.024684071654032413
OXXXO.OXO,0.9999999999999999
.X.X...OO,0.7179542209635584
.XXOO.XO.,3.8096053871504394E-5
..X.XO.O.,1.518388672492199E-6
.OXXOO..X,0.9999893409602526
OXX.XOOOX,0.5
..XOX.OOX,0.08902434086259492
..OXOOX.X,1.3525056299051148E-4
OXXXOOOX.,0.5
OXOOXXX.O,1.6172382548123818E-16
X.OX..OXO,0.999999999939161
.XO.XX.OO,4.840780013715901E-4
.XXO.XOO.,0.8577462516527782
OXX.XO..O,1.5726840366484566E-5
O..XO.X..,0.4602246302725849
.X.XOOX.O,0.7092597900024822
OOXXO.X..,0.9999999988249312
XOOX..O.X,0.06921866796030465
O.X.OXX.O,0.9999999999999998
X...X.O.O,0.6901855535333277
O..OXXOX.,0.9999999999999761
OXXO.O.X.,0.8882720511767583
X....O.XO,0.3036512123404286
OX.OOXXXO,0.9999999999999999
...X.O.XO,0.7755863716920937
O..X.OXXO,0.9999943386696082
XXOOOX...,0.841796875
.OO.XXOX.,9.366790964462809E-8
.XX.OO.XO,0.5398497107077531
OXXO...XO,0.4904361706386461
XO..XXOO.,2.3864806041429729E-4
.OX..XOXO,0.158203125
..OX...OX,0.22490685666975288
...XO....,0.5424128906649609
.X..O.OX.,0.5277664196219272
OX.X.OXO.,0.375
..XO.XOXO,0.74585936275342
XOX..O.XO,3.766965964523748E-5
OXOO..X.X,0.0016423011669155275
X.O.OOX.X,3.1807646088520364E-6
OX.X..XOO,1.2735506569818867E-10
XO.......,0.07942355598604141
.OXOXX.O.,1.0666305999562856E-7
OOXX...OX,5.990582713417583E-4
..X.X..OO,4.704414104437302E-8
..XOXO...,0.0967516375663738
XO.XOXOXO,0.5
X...XOO..,7.078414240644803E-4
.O..O.X.X,0.42324807991819663
XOX.O....,0.9940374017267122
OX..OOX.X,0.008512088976562502
...OO.X.X,0.09937707737510801
X.XOO....,0.3190267192038351
XOXO..XO.,6.83609584904164E-11
OXXOX.O..,0.9999999999999997
XXO.OX.O.,0.07023763065423924
.XXOOOXOX,0.9999999999999883
.....XOXO,0.16001584457019757
.XX..OO..,0.02167776534189359
OX.X.OOX.,3.5612660793234717E-6
.XOX..XOO,3.7728849686901603E-5
XOOXX..O.,1.368437367004046E-4
.OX.X.OOX,4.976070584708009E-6
XOO.OXXOX,0.9999999999999999
.XO....OX,0.0015575132651976095
.O.X.O..X,7.297872692980853E-6
X..O.O..X,1.3278738260528312E-9
.X..O....,0.354304291867865
..OOOX.XX,0.08041450354317288
OX..X.O..,0.03184689863002657
OX..XX.OO,1.2499743015899665E-5
OX.XOX.O.,0.003598307445653876
.XO.XOO.X,5.633093002520259E-4
XOXO..OX.,2.123706211601016E-7
XOX.XOO..,1.6441555719196746E-4
OXOX.O..X,2.1165284760890635E-4
X...O....,0.27558721099966715
O.XXOOXXO,0.9999999999999999
OOOX.X.X.,0.9999999871538211
XO.O.X.OX,5.528373695918553E-7
.XOX.OXO.,0.01737161015625
..OX.XO..,0.13896890793919134
OXO...XOX,0.5
XXOOOXOX.,0.9999999999999999
O.O.XX.OX,0.0033911153642450006
.OX.X...O,1.0656887424430107E-4
OO..XXOX.,0.6235547609783052
OX.X..OXO,7.103696705275414E-8
....O.XXO,0.5198323422935651
..O.X.X.O,0.4430590458082601
XXOO.OX..,0.9999539031490672
X.O....OX,6.423636644516988E-5
.OXXO....,0.9082712238998085
XOOX.X.O.,1.636054279899942E-10
.X..OOOXX,0.9999880810842529
....OOXX.,0.2140799699188546
.OX.O.XOX,0.9999999999999999
XX..OOX.O,0.2990135123110843
X.OX.O...,0.0818798541972003
..XO.XXOO,1.0071054133914536E-8
.X.OOX.XO,0.5201885665675074
.O...XO.X,0.08050475428549039
OX.XO.O.X,0.9999898091941521
X.XXOOOXO,1.5113400985887543E-9
OO.XOXOXX,1.928611574706162E-50
.X.O.OXOX,6.328068851930118E-12
OOXO..XX.,2.1922074292262327E-4
OOX..O.XX,1.2359029994990268E-6
OOXX.XO..,1.0025695309661306E-4
OX.O....X,0.6258765520524752
XOOO.XXXO,0.5
.XOOXXOOX,2.1108645545262634E-33
OX..O.X..,0.7904094898540724
.OO.XXXO.,0.28096823498187273
X.XOOO..X,0.9999999999999999
OO.X.OX.X,0.09604146891064401
.OXX.O.XO,3.7712194356140615E-6
.O.OXO.XX,4.88356533741338E-9
..O.XOX..,0.1419454986315597
.XOO..OXX,0.8866066575152318
..OOXXXO.,0.066741943359375
OOXXOOX.X,2.4722237051842166E-23
.OX..XXOO,3.1929776745618713E-9
.O.X.....,0.10502808907208384
.OOXOXXOX,0.9999999999999999
...O.XO.X,0.05783652792985933
XOX.OO..X,0.9999999932728735
O.OX..XOX,0.7890625
..X..OX.O,4.603145506477915E-6
XX.OOXXOO,2.0268107798572224E-13
..O..O.XX,4.795029804203175E-6
OXXOXOO.X,0.9999999999999761
..OO..XX.,0.3449561536708854
OOX..XX.O,1.5108203300900856E-7
OXX.OOXXO,0.9999999999998581
OO..OXXX.,0.3707965946091297
XXOO..X.O,0.88134765625
.O.OXXX.O,2.9229432389683087E-4
...O..XXO,0.5705696197565222
X.X.OO.XO,2.4872660893576363E-4
X..XO.O..,0.5650133435110827
O..OOX.XX,2.1999562219927912E-6
XX.X.OOO.,1.2560914486644145E-8
X.OX..OOX,7.284312305791483E-8
X.OOOXXXO,0.5
OXOX..OX.,5.121782090009634E-8
O.XXO.XO.,0.9999996224522292
OO.X..X..,0.587325828971112
O...XOX..,3.773337849965234E-6
OO..XXXO.,4.010521474155305E-5
.X..O.XO.,0.06309215629460921
XX.X..OOO,0.9999999999991558
.OO.OX.XX,0.07423169793828738
X.O.XX.OO,0.0023737807549715005
O.XX.XOO.,5.915735938407451E-7
XOXXOOO.X,0.5
OOX....X.,3.5492130360730055E-6
.O..OX.X.,0.22447253577887427
.OOX....X,0.44957234729564943
XXOX.O..O,0.9999999999982772
XO..OX.OX,0.9999999999999942
OX...OXXO,0.891708342910212
X.OO....X,1.539757294689296E-5
XOOXOO.XX,1.786122684460737E-21
.XOXOX.O.,0.00936492952011906
X.OX....O,0.05355934233797521
OXXO...OX,2.0032121696194535E-6
XX.OOXOXO,4.4261785184673507E-20
OO.XOX..X,0.31437059562047
O...X.X.O,0.001126773318252289
OXO..XO.X,0.9999999998024338
.X.O.XO..,0.16519312930236285
...O.OXX.,0.4103606020141954
..X..OO.X,0.47760667605012397
XX.XOOO..,1.208656264072068E-7
XX.OXXOOO,0.9999999999999999
X...OO..X,0.9629800283629744
O.XO.X...,0.08054961326961693
.OXXOOOXX,0.5
OXO.O.X.X,0.001907502392387813
OXXOO...X,0.2999917725815937
X..O.OXOX,8.330293667004974E-12
OO.OXXX..,8.301194500222489E-4
XXOOX..O.,1.6268487300648944E-5
XX.XO.O.O,0.2704232556654656
OO.OX..XX,0.6935553546361026
XO.OOX..X,0.6018475223135872
X.XOO.OX.,6.27459270888732E-5
X..O..XO.,1.5733387416898847E-8
OX...XO..,0.5714756663796783
...XX.O.O,0.022024660842218304
..OX...XO,0.5587310959499843
O..XOX.XO,0.9999999937053723
XOX.O.OX.,0.2109375
.O.OX..X.,0.3991513985402352
OOOXX.XXO,0.9999999999999999
.OX..X..O,0.2525262207563012
OXXXO.XOO,0.9999999999999999
..OXX.O..,0.05012644323153276
OOXXOX.XO,0.9999999999999997
X.XO.XOO.,0.083768403955292
XXOOXXO.O,3.315421631811933E-27
.OO.XX...,3.288613803900132E-5
..OOXXOX.,4.906069293650095E-7
OX.OOXXOX,1.4187675459000557E-13
.XOO..XOX,0.28125
.O.X..XO.,0.34768292746964785
X..OXXOO.,5.634504250094032E-4
..XX..O.O,0.7853376104699905
..OX.O.X.,0.7416443976996925
OOOXXOXX.,0.9999999999999999
XOOOOXX.X,9.665952279335081E-27
.XXOX.OO.,0.5725957437251615
.XO.OOX.X,5.870142122296858E-5
...XO.OX.,0.9999999999940401
..XO.X..O,0.561860025033469
O.OOXX..X,0.9999999996211719
XXO.XXOOO,0.9999999999999999
.OXXO.XO.,0.9999999999999833
XXO...OXO,0.3125222955653927
XO....OX.,2.6142282979403407E-5
O.XXOOOXX,0.5
.XO..XO..,0.716034713945054
.X...XOO.,0.22545022706848314
.X..OOXOX,0.9999928765855105
OOXX.OXXO,7.712682382927145E-30
O..XX.O..,2.7184199588904955E-4
.OXO.OXX.,0.09334431199242532
.X.XXOO.O,0.19825172756879145
OXXXOOXO.,0.5
OOO.XX..X,0.9999999999999996
XXOX.OOOX,1.8518150401408075E-30
XOO.OXXXO,4.8663726824371904E-14
OXOXOX.OX,0.5
XO.O.X.XO,0.5
O.X.XXO.O,0.47036978842015786
...XOO..X,1.0027314318211587E-4
O.O.OX.XX,0.5627767850666932
XXOX..OO.,0.9999998706711594
O.O.XX.XO,1.0801954214795333E-5
OXO...XXO,0.2881688501122498
.O....XXO,0.8399694832340922
..XXOO.XO,8.96950207391942E-9
.XXOOOXXO,0.9999999999997973
XOO.....X,0.002893126310545675
OXX.X.OO.,0.9999999787389581
O.OX..OXX,0.9999999972661553
X.XOO.XO.,0.10781004780824599
OXXOXX.OO,1.946105817584178E-72
XOXXO.O..,0.933258056640625
.O.X.OOXX,0.05005645751953125
X..OOX.OX,0.009120095332031251
X..X.O.O.,0.037041325099178915
.....XOOX,0.24393486020466348
.OXOO.X.X,0.2680826673231064
XXO..OOX.,0.657789496793707
O.XXOOXOX,0.5
.XX.OO.OX,0.0014273358228022155
.XX.XO.OO,1.2201365475486713E-5
.X.OOOX.X,0.9999999999997105
.XO..OXXO,0.9999999816483158
....O.XOX,0.9983187182989548
X..X...OO,0.6254174214218606
.XXXOOXOO,3.5317481502631667E-23
.O.XOX.OX,0.99999999848866
O.X..XXOO,0.24247888903822
X.O.X.O..,6.433773679238268E-5
O..X..XO.,0.3257082851867205
.....X..O,0.4472770080635868
X...O.OX.,0.7822790333811037
OXXX.XOOO,0.9999999999999999
O..X.OXOX,0.2109375
.XOXO.O.X,0.9999999999999999
XO....XO.,0.06668360061683948
XX.O.OX.O,0.7363222190905018
.O...OXX.,1.2500518312037732E-6
OXO.XXXOO,8.178912567372186E-15
.OX.O.XXO,0.9435166367804733
.OXXO.OX.,0.066741943359375
O..XXOO.X,0.375
..XOOOXX.,0.9999999999999999
...XXOO..,0.39519892294056275
O....X...,0.3362031743792905
...OXXXOO,0.0010014387560036016
X.XXXOOOO,0.9999999999999999
.XX.O..O.,0.015512892729344632
X.XXOOOOX,1.137189619711493E-27
O.O...XX.,0.1976165032679918
XO.OXOXXO,4.44620791137808E-31
OXX.O..OX,1.7615952556282224E-4
.O..XXXOO,3.684443026300527E-5
XOXX.OOXO,0.5
X.XXOO..O,6.92845804792488E-4
.O.O..X.X,0.035588478811151625
X.O....XO,0.9932150807332706
OXOX.OOXX,9.665952279335081E-27
XOXOOX.XO,0.5
..X.OX..O,0.45698514367330156
OO....XX.,0.21386085580948627
.XOX..OXO,0.34582942629561597
.OX.OOXX.,1.5558115611707492E-6
.X.OO.X..,0.8353016022779947
.XO.O.X..,0.0889628980005629
X..O.OOXX,9.90598451529322E-7
.XOOOX.X.,0.047617304808370925
.XOX.OOX.,0.1779536876640586
XOX.OOOXX,0.5
XOOXO..X.,9.034284215270827E-5
.X.O.OXXO,0.5372078336224279
O..O..XX.,1.7322307128864504E-5
X.XOOOOXX,0.9999999999999999
XOXO.OXOX,1.0772180184752766E-53
O..OXXXO.,3.3554195345299474E-4
.OOO.X.XX,1.8499840776613306E-7
XO...OOXX,1.1535094661990918E-6
OXO..OXX.,1.7489633846205348E-8
XOXXOX.OO,0.9999999999999999
..XOO.XXO,0.9999991050719503
....XOX.O,4.2333448652092165E-5
.OOXOXXXO,1.4910083971808434E-55
.X.XOO...,0.23575410453150952
.X.OXXOO.,0.9999999734236976
O.OXO.X.X,0.008512088976562502
...XOOX..,0.29655827818206415
O.X.X.OOX,7.910309839992495E-4
OXXO.OXXO,1.1897093907982951E-58
...XO.X.O,0.23093443166760713
.X.X.OXOO,4.9651924494357895E-9
X.XO...O.,2.009496165425045E-4
XOXXXOO.O,0.5
XOX..XO.O,0.88134765625
..OX.OXOX,6.39849201487252E-5
.X.O...OX,4.0493693104269354E-7
OXXXX.OOO,0.9999999999999999
OXO.XX.O.,4.1803481163833806E-5
..OXO...X,0.45859377407626845
XOOXXO.XO,0.9999999999999999
.O...XX.O,0.27164001283489936
.OXX...O.,0.11914407119958437
X..OOXXO.,0.9918463591251111
XO.X..OOX,4.877800434090412E-6
XOX.O.XO.,0.9999999999999999
X..O.OXXO,0.9999966542301746
XOOO.XOXX,1.5740168128422747E-29
X.XXO.OO.,0.29153646889225604
OXX.OO.X.,0.9997883471523911
O...O.X.X,0.056326709673098094
XO..OXOX.,0.9999192834530595
O..X...XO,0.04872318007648235
..XOO..X.,0.3787895696776824
OXOX.OX..,0.9482207046814205
.XXOOXO..,7.888842779836018E-8
X.O..OOXX,0.022574142994802204
O.XOO.XX.,0.7497534289026453
.X.XO.OOX,2.16812139339822E-5
.XXO.O.XO,1.2521758941437952E-7
.XOX.O.OX,3.7627172908250017E-4
.X.XO...O,0.3408861153755294
.O.XOXXO.,0.9999999937053723
OXXOO.OXX,0.9999999999999999
O.O.XXXO.,0.0016616465284800502
XX...OOXO,7.989571118315412E-8
O.XO.XOX.,0.9999999999999006
..X.OXXOO,0.9999999999888181
XX.OOX.O.,3.098759485837894E-5
OOXOOXXX.,3.4218758328575113E-25
.O...O.XX,9.532832505220038E-7
OXXXXOOO.,0.5
..XOOO.XX,0.9999999999997105
X....XOO.,0.9097328757552167
...X.XOO.,0.42932112264743805
.O.....X.,0.588246404088961
X.O...XO.,8.524964991080594E-5
OOX.XX.O.,5.5221383712196056E-6
..O.O.XX.,0.09613339624461181
O.X..XOXO,0.9999999987109083
XOX.OOXOX,0.9999999999995863
OX.X.XO.O,0.5637257647366601
.XO.OX.XO,0.9999999716519441
XO.X.O...,1.557385282964903E-5
OX.X...O.,0.10393050203182663
O.X.XO...,4.030510325562389E-5
XXO....O.,0.2765859692322875
X.XOOOXOX,0.9999999999991558
O..XOX.OX,0.021618003750000003
OXOOOXXX.,2.035982526838526E-24
OXOO.X.X.,5.4632342293436174E-8
O.X.X...O,0.05628975448235085
.XO.XOX.O,0.9999999999999999
.O..XXOXO,3.0987594858378945E-5
OX.O..XOX,2.1213109325329097E-6
XO.X....O,0.004832780207632151
XO..XO.XO,0.8991688609259808
..OOXX.OX,2.3214483500671275E-4
XXOX.OOXO,0.9999999999999999
..XOOXX.O,0.715788518544773
O.XXXOOXO,1.4187675459000557E-13
O..X.O.X.,0.2848787964408135
XO.O.OX.X,4.3396049159266306E-7
...OXXOXO,1.099637169913966E-4
X.XO.O.OX,5.030871186639575E-7
OOXX.OXOX,1.6319080614195595E-38
XO.OX.XO.,1.7288471661506107E-7
OOXOXX...,0.42319418550485755
.O.X.XO..,0.04285083734125033
XOO..X.XO,2.1189183550446082E-5
..XXXO.OO,0.004116872379044849
OXOX..X.O,0.9999999961313324
.XX.OXO.O,0.31656873083012604
XOXOOOX.X,0.9999999999997105
.OOX.X.XO,5.866691593917404E-10
..O.X....,0.2667066997489961
XOX....O.,0.5544645014234911
XX..OO...,0.10374192124215373
OXXXOXO.O,0.9999999999999999
OX.OOXOXX,0.9999999999999999
XX..O...O,0.1864336339259361
...OOX.X.,6.665744603970463E-4
OO.X....X,0.4632512064274653
.OXX.XO.O,0.044118374999999994
X...O.X.O,0.03614394251553606
X.OO.X.XO,0.28125
XO.O..X..,0.0020419373203430795
O.XO.XXO.,4.699040107369002E-6
.X..X.O.O,0.3119584021256776
XX...OXOO,0.012448326166754547
XX..XOO.O,0.3830834917692173
OOO..X.XX,0.9999999999949774
XXO..O.OX,3.370600315539314E-8
XO..OXXO.,0.9999999999999999
X.OO..X..,0.19375257947722546
O.OX....X,0.9998325484509929
..X..X.OO,0.6865361323453217
OX..OX.OX,0.0011229984459886328
.XOOXXXOO,0.5
.XXOO..OX,0.17508584643453284
..OX.OOXX,8.047418095062253E-10
XX..O.OOX,5.383997722647038E-6
OOXXXOO.X,0.5
XO...OXOX,4.850911488308311E-6
XXOO.....,0.11523210064953227
X..OOXOX.,8.495667381217015E-8
XXO.OXXOO,7.175180080493433E-12
X.OXOXOXO,0.9999999999999999
.OXO..XXO,7.962567840730243E-5
...O.XX.O,1.815991287841352E-5
OXXO.XO..,0.9999999999928249
...O.O.XX,0.13402591247734247
.OXXX.OO.,1.6079084943682696E-5
O.XXO..XO,0.9999999999999993
OOXX.OOXX,0.5
X.XO.XO.O,0.008683245017502346
..X...O..,0.27918360919805113
X...OOX..,0.1134061079782842
.XOX...O.,0.135969355900722
O.XOXX.O.,5.253540885790877E-6
.O.OXXO.X,6.644578008886618E-6
..X.OXOXO,0.3810575232540207
OOX.X.O.X,1.310400960814143E-4
X.OOXX..O,0.11865234375
OOXXO...X,0.008597755356180492
X..XOX.OO,0.6409141241778982
.XXOXOOOX,1.7383877278282224E-34
O.OOX..XX,0.08462177984659613
OOO.X..XX,0.9999999999999999
XOOOX.XXO,0.5
..O..XO.X,0.7647684653689106
.XXOXO..O,7.888769101742294E-6
XOO.XX..O,0.0016231810295534136
O.XOX.O.X,0.9999999999999999
.X.X.OOXO,1.7325073613287318E-10
..OX..XO.,0.1977188301284916
XXOXOXOO.,0.9999999999999999
OXO.....X,1.2684128335691311E-5
OOOXXO.XX,0.9999999999999999
OXOOXX...,3.5050323102247497E-4
.O.XOXOX.,0.0029950334978821047
O.OOXXX..,0.999997713479549
.O.X.OXOX,5.293273581027522E-10
XOXX.O.O.,1.9443047453772531E-7
..OXXOO.X,1.5024091272145903E-6
XOXOO.X..,0.9999999716519441
OXX.O..XO,0.9999999999999305
OXOXOX.XO,0.9999999999790812
.OXXOOXOX,0.9999999999999999
XOOOXOXX.,6.154124065674237E-33
.XXXOOOXO,8.752001153857612E-22
....O.OXX,0.5222470414612779
OOO.XXX..,0.9999999999999999
X.O..OXOX,4.045729684278156E-6
OOXX..XO.,9.344247180090416E-6
OOXXX.O..,0.0010729700957181443
.X.O...XO,0.20838119077641848
..XOXOOX.,0.055811135754885374
.XXXOO..O,0.08482989183700909
OXXO.OXOX,4.44620791137808E-31
OXXXO..O.,0.9999466346488359
XOXO.O..X,3.589316642452477E-6
XOO...X..,2.928486145603598E-7
..O..XX.O,0.11301191028271437
XO.XX..OO,1.8021769589256074E-4
..OXO.OXX,0.9999999998755347
.O..XXOOX,6.705343098319826E-5
.X.O.O.X.,0.136135456440135
O.XX.O.XO,0.266972935539197
X.X.XO.OO,0.42354513427160134
OX.OX..OX,0.7335760440137378
XOXX...OO,0.3134409106706816
X.OOXXXOO,0.5
OX.....XO,0.2089669337790916
XO.XXO.O.,6.976521910590544E-9
O.X.X.OXO,4.078332300424533E-5
XO...XO..,0.1488566622313939
O...X....,0.13458242300241433
XXOOXOXO.,7.472741636653138E-32
OX...O.X.,0.020356955013500672
.O..OXXXO,0.6863816327907035
X.XOOOXXO,0.9999999999999999
..OXXOX.O,0.9999999999999999
.OOXOX.X.,0.7680479205845597
O..X...OX,0.009884387054400309
X.X.OXOO.,0.02404667780166362
XX...O..O,0.632444455512814
..XOX.OXO,0.00254333652318375
....XOO.X,4.284936289863513E-6
O.XXOXO..,0.0026657975245215244
.XO.OX.OX,0.9110107421875
OOX...XXO,0.3689739434073831
O.XXXO..O,1.0505002163206035E-5
OOXO.XX..,3.641547692493964E-5
.XOX.XO.O,0.6519245968023475
OOXX..OX.,6.689275183688892E-4
..O....X.,0.23773281072917696
...O...X.,0.23699137918550012
XX...OOOX,7.2771307539304625E-6
.XOXOXXOO,3.645148335634157E-21
X..OXO.XO,3.702605090131594E-4
X.XOX.OO.,0.2632951271477042
O.X..X..O,0.5709515883301647
X..XOOO.X,0.8673375361562755
XO.X.OOX.,0.2109375
OOXO...XX,0.0016943678172073981
OOX..OXX.,4.334710376012309E-6
O.OXOX.X.,0.9999988067626004
.OX.OO.XX,6.393072363885008E-4
XOX.X.OO.,0.42407353373735013
.OXXOXO..,0.0472696875
XO.XOXOOX,0.9999999999999006
OOXOXXOX.,0.9999999999999999
O.XXXOOOX,0.5
..OX.OXXO,0.999999999939012
.O.OXOXX.,1.1428184999531632E-7
.OX.XO...,1.1812020242400002E-4
X.O.XOX.O,0.9999999999999999
.O..XX..O,5.455977594291582E-5
O......X.,0.5401745992529291
OXXOO.XOX,4.155066381303113E-24
X.XO.O.XO,0.008012289149926013
XOOXOXO.X,0.9999999999999514
.OXO..OXX,1.207293048654581E-6
O.X.XOOX.,0.00476969899418568
O...OX.X.,0.17299316713664498
XO.X..OXO,0.0889892578125
.XXXO.OO.,1.4251187814644878E-6
XXOOX.XOO,0.5
O..OXX.OX,0.03503068606872742
.OOO.XXX.,0.03062550531250001
.OX.OXX.O,0.9999993288039628
XOX..O.OX,5.0127427591676345E-12
OOOXX..X.,0.999999999999996
...OXX..O,0.7255972631432999
OOOX.XXXO,0.9999999999999999
XX.O.OO.X,1.900133301434591E-6
.X..XOO..,1.6510201769938856E-4
.XO....XO,0.05128508091575096
.OX.X.OXO,0.2109375
O..XXOX.O,1.0026672122839083E-4
.XX...O.O,0.028394122030305002
OXO.X.O.X,3.79778009556964E-5
...OXXOOX,0.212478252621906
XO.XOX..O,0.06302624999999999
O.XXO..OX,0.007414975286250004
OXOXO.X..,0.6430470419862315
O...XO..X,0.2907842660539308
OO..XX.OX,5.580091144122591E-6
.XO..O.X.,0.2294273639063678
.OOOXXX..,0.9910154432669742
.OOX..X..,0.24477705017667029
O....XX.O,0.4419573435923117
X.OXOX..O,5.7825543420602145E-8
.O.OX.XXO,9.151024106615034E-6
.OX.O..X.,0.05539762664778036
X..O.XO..,0.15890879750614
OO.XO..XX,3.279305677640535E-7
..XXOXOO.,0.850061943128677
XXOOOXX.O,0.5
.OX.XOOX.,0.28125
OOXX.O..X,5.022621286031664E-5
OO.XOXX..,0.9999717477552661
XOO.O..XX,0.3354813797243014
X.OXOXOOX,0.9999999999999305
.OOOX..XX,1.6286856869439353E-6
XOX.OOXXO,9.665952279335081E-27
XXOOOO.XX,0.9999999999975389
XO.OX.OX.,0.004788050049316407
O.X.OO.XX,0.006488103375468753
....XX.OO,0.01876483075174473
XOO..OX.X,1.9549105242914946E-4
OX.OXXO..,0.9999999999999942
XXOOO..X.,0.9999717477552661
.OXO..XOX,2.277006395607905E-8
....X.O..,0.5040571216979253
OX..OX.XO,0.9999999969156325
XO...OXXO,0.005859498197192081
.X..OO..X,0.9738745132779251
.X.OOX.OX,5.90239902064361E-5
XO.OOXX..,0.9999382636133592
.XXOOO.X.,0.9999993503259428
O.XXX.OO.,0.002731799335286921
X.OOXXOXO,9.622408846387706E-16
OXO...OXX,0.5003939598744355
.X.X.OOOX,2.825224473392811E-5
XXO..XO.O,0.9999999989176895
X.OO.OX.X,0.10491688390203019
XXOXXO.OO,0.9999999999999999
.XXOO..XO,0.323536192756923
O....O.XX,0.07072054185556961
.OXX.O.OX,1.597376898000209E-5
.X.X.O..O,0.0019214490827711215
XOXO.....,0.4477364962509066
OX.O..OXX,0.9999999992594434
XOO.OX.X.,0.3414292071358936
OX.X.O.OX,0.5
X.OXX.O.O,0.12248653861425851
.OOX.OX.X,7.264658717066239E-5
.O.X.OXXO,1.999415683387512E-8
X.OOOX.X.,0.9974311596409771
XOO.XXOXO,8.178912567372186E-15
.....XXOO,1.740868696306869E-4
OXX..XOO.,0.5915378831136896
.OXOX.O.X,0.20128133574039897
.XOO....X,0.10817426119614656
X.OX.OOX.,0.9999960185586612
X.XOOXO..,2.728080356370424E-4
XO.OO..XX,4.441811770464854E-8
.O.XXO.XO,0.9998883861936437
X.O..OXXO,0.9999999999964841
.XXXOOOOX,5.909069329029803E-13
XOOO.XXOX,1.5250493136026815E-31
XX.O.X.OO,0.06460190625
OX.OOX..X,2.016701697941294E-8
XOX.OXO..,0.014065213689843748
....O...X,0.5965737902624445
XX.O..O..,0.09915845621322361
.OXXOOXXO,1.9726433223132816E-26
OXXXOO.OX,0.5
OXXOXO...,1.6460120708259548E-5
......O.X,0.26474941094029425
XOOOX.X..,3.323848340701909E-6
..OOXXX.O,0.028156757354736328
O..OXX.XO,8.832858457258548E-6
X.....OXO,2.6680587848745287E-4
X....OOX.,0.5415743867547353
.OOOXXOXX,4.230788649169282E-68
OXO.OXOXX,0.9999999999999999
XO.O....X,0.20437308848150132
.O.OOXX.X,6.233108239337552E-4
XXOO..XO.,0.158203125
O...X.OX.,0.2560031654779529
.OXOOXXXO,0.5
.OO.XX.XO,5.846735344465906E-4
XOOX.O..X,2.3791444924293917E-5
.X.OOXOX.,0.9999988801549936
OXXO..OX.,0.9999998908092812
..O.OX.X.,0.6945933077225653
.O.XX..O.,1.595506116206933E-6
XO..XX.OO,0.21881829584975385
X..OX..O.,5.536095814499294E-4
XXO.O....,0.47673609036450326
O.OX..X..,0.569855013443475
.OX.XX.OO,0.1867597470995587
OOXXO.XOX,0.9999999999999999
O.X.O.OXX,0.007414975286250002
XO.OOXXXO,0.5
..XOX..O.,2.259746973559718E-9
XO.XO.O.X,0.9999623303403548
OXXOX.OOX,0.9999999999999972
X.OXXOO..,6.770966252877119E-4
..OOXO.XX,1.6099528779065906E-5
O.....XOX,0.009971078975765654
XOO.X.XO.,3.874231242865775E-8
.XXXOXOOO,0.9999999999999999
XO.....OX,0.0038193936087199732
XX..OOXO.,2.252089910198227E-6
OXXOX...O,0.01793909332092588
OO.XXOXOX,6.351725587682971E-31
O.XO.OXX.,0.022968327679806604
XO.OXX..O,0.2109375
OXXO.OOXX,0.9999999999999999
OOXX.....,9.372945273013295E-8
XOO.OXX..,3.0626828464157514E-5
.OXOXX..O,9.793610226845692E-5
XOO..OXX.,3.3349763478545174E-6
OXX.OX..O,0.9999999999999999
OOO.X.XX.,0.9999999999999999
.XOO.X.XO,3.6032157419796697E-6
.XXOO.X.O,0.48259750116472255
....XXO.O,0.24462412980652826
.XXOOOX..,0.9999999999999659
XX.OO.X.O,0.008512088976562502
OOX...XOX,0.004101487274455229
..O.XXXOO,1.3367593746215072E-4
XXOO.OOXX,7.817861459543722E-63
OO.....XX,0.05959396245798524
..XOXO.OX,1.8287059398801934E-6
OXXOOOXX.,0.9999999999999006
XOOX.....,0.0592393258734767
.XO.X...O,0.07766653748602265
OX.O.XO.X,0.9999999937053723
XX..O.XOO,1.9343325888077772E-5
OO...XX..,0.36312412779721187
XXOOOX.OX,0.5
.XO..O..X,1.138657014905389E-9
OOOXX...X,0.9999999999999999
XX.OOOX..,0.9999999999975389
.X.O..X.O,0.030209628654414115
X.XOO.O.X,0.0035490231329869037
.XO.X.OOX,2.858503989988035E-5
XOO...XXO,2.7927293204164206E-4
OXXOO.XXO,0.9999999999997973
OOX.XOOXX,0.5
X.OO.X.OX,2.6993638187743446E-5
O.XO..XXO,3.335325280248357E-5
OX...XOXO,0.6330202355017505
.XXO..O..,0.5118610152455378
OX..O.XOX,0.28125
OXOOX.XOX,0.5
...XXOOXO,1.0263280252530343E-4
.O.OX.XOX,2.549083384745775E-5
...XOXO..,0.9514800274732658
XXOO.OXOX,1.691928510037465E-47
X.O......,0.10762319721490599
.X.X.XOOO,0.9999999989420619
XOX.O..OX,0.9999999999999999
OXXO..XO.,3.491120075233343E-8
.OX.OOX.X,0.5696806566479619
OOXOXX.XO,7.472741636653138E-32
O.OX.OX.X,0.007361102223616047
.X.O.OX..,0.6928040696575002
.XOOX.O.X,0.051214485282470336
XX....OO.,0.33137863665726625
..XOXXO.O,0.9999999971619935
XOXOX.O..,1.5543744017205352E-5
.XX..OOOX,3.599151758365793E-5
.XO.XO...,3.190369335573522E-4
X.X.O.OXO,0.0031281926988867203
.OOXO.X.X,0.007677138552781465
O...XOOXX,1.6395309155029338E-4
..XOOX...,0.006124373128029223
XOOXXO...,0.025986653386877577
O..O..X.X,3.394063056129136E-6
X...XXOOO,0.9999999999999999
..OOX..X.,0.0016493784462338703
X.X.OOOX.,0.009105633788272657
O.XX.OO.X,0.5
OX.X.O.XO,0.4137986663925466
...XOOXXO,0.2882470151224915
.XX..O..O,0.011748384997668814
.OXO.XOX.,0.13264357269707033
..XO.O.X.,0.46984616185644734
XOX...XOO,0.30504346212958444
.XOX.OX.O,0.9999999999999514
X...OX.O.,0.48113231283017865
OO.XOX.X.,0.9999660874771004
XOXOXX.OO,6.154124065674237E-33
.O.XXO.OX,9.793610226845696E-5
OX.XX.O.O,2.35144581546565E-5
..XO...XO,0.004373000620287514
OXOX...OX,0.066741943359375
.OXXO.O.X,0.004541672362828127
OX.XO....,0.9999999999990585
...O.X...,0.1360952714714949
O..XOXXO.,0.9997177962031881
.XOXOXOXO,0.999999999999409
XOX.XO..O,9.248375092048172E-5
X.OOO.X.X,1.6347170074408065E-4
.XOOXX.O.,0.11865234375
OXXXOO.XO,0.9999999999999999
..OX.XOOX,1.1023686709536725E-8
.XXO.X.OO,4.246360455838035E-8
..OX.X..O,0.3088963159628103
.OX.X.O..,0.192294626795475
.XO......,0.20307045030243848
X.OX.OO.X,0.034796772156890476
XOX..OXO.,9.942577391681397E-8
.O.X..O.X,0.5115133057008199
XOOXX...O,1.516679588710523E-4
..OO.XX..,0.002075258708292325
OX.O.OXX.,3.4836409180131384E-10
OOX...OXX,0.001780335566228625
O.X..OX..,0.16593832233906008
O.O.X...X,0.8992829127270322
O..XOXOX.,0.9302450966666884
XXO.O.OX.,0.9999999999982772
.XOXOXOOX,0.9999999999999999
O..OX.X..,1.4524517301801855E-5
O.X...X.O,0.024308228271950942
....OXX.O,0.5750694908259925
.O.X.OX..,0.01179295810193623
.OOOXX..X,2.914510359972537E-5
OX.O..XXO,1.0094300440802537E-5
X.O..O..X,9.599453770926174E-4
X..O.OX..,0.4986540676173901
OXXO.....,0.9999927989222561
XX.XOOOOX,1.470948833928849E-22
OXO..X...,6.525564214580951E-4
XXO.X.O.O,0.29592237987299413
.X...XO.O,0.25068213808885964
O.....XXO,0.538816331014551
XOO..XO.X,5.420025278409882E-8
OO..X..X.,0.7066942080491564
..O.XXOXO,7.607844168216273E-5
O.XXO.X.O,0.9999999999999986
...OXOX..,3.3361988996818114E-6
X.OOXX.O.,4.4738927127065966E-4
OXOXX..O.,9.15102410661503E-6
XO.....XO,0.007453016064000001
.X..O.X.O,0.4598243516291706
.OX..X.O.,0.766028823834854
OXOOOXX.X,2.988413194707802E-11
OO.X..XOX,0.9999943989285529
.O.X..X.O,0.014890696552298448
.X.OOXXO.,6.696828381375552E-5
.X..OOX..,0.6996897669066822
O...X.XO.,9.650254437291435E-5
XXOO.O..X,3.062994385987755E-5
O.OXX.O.X,1.7360936176235854E-4
.O.O.XXXO,0.05005645751953125
.XOXXO.O.,0.6673091078600794
XXOX...OO,0.7317034890211739
..XX.XOOO,0.9999998908092812
XOO.XOXXO,0.9999999999999999
X...O.O.X,0.5026287362164228
OX.XXOO..,1.0616757120973663E-4
OO.XXOXXO,1.3561372646763907E-61
..X.O.O.X,0.007686266533843383
O....OXX.,0.12824473951381496
O.XX.X.OO,0.5792858196291435
OXXO.O..X,0.9999983207474621
.XOXX..OO,0.4252748729392292
.O...OX.X,0.0028668549393865844
....OO.XX,0.0022442387458128793
.O.OX.OXX,1.6170068705734818E-10
OXOXXO.OX,0.5
OXOOX...X,0.004198192633566764
X.....XOO,8.903214553665428E-7
X.O.OOXX.,0.18253851721958908
XX.X.OO.O,0.7915698576617619
X.OX..O..,0.45196029578976143
O.X.O...X,0.021354582204425952
.XOO..X..,0.03062044560628959
OXXX.O.O.,0.11865234375
X.X.O.XOO,4.528083725496096E-6
XX.XO.OO.,0.1766963588592887
.OO.XX.OX,0.15226731878431476
OX..OOXX.,0.596165527233177
.XXO.OO.X,0.6951694392746933
X.OX.X.OO,4.769837550728695E-10
X..O..X.O,0.3950847296052681
.XXX.OO.O,3.811338653317383E-5
.O..OXOXX,7.558903184157411E-8
X..X..OO.,0.7271625231838412
XOXOO...X,0.5715578332029161
O.XX..O..,0.041531259353204494
OX.XOOOXX,0.5
XXOX.O.O.,1.9247598441035727E-9
..OO...XX,0.04300262647404006
OXX.OXOXO,0.9999999999999999
...XX.OO.,1.0528592886047833E-4
.XOOO..XX,0.2943330737863259
OX..XOX.O,1.8030025048314024E-5
XO.O..OXX,3.002357400721378E-7
OXOO..XX.,2.37914449242939E-5
...OX.X.O,3.58048529625385E-5
O..X.OX..,0.6545781438442061
X..X.OOOX,2.740422893582186E-8
OO.X..OXX,0.92251067928275
OX...X..O,0.23584444406083044
...XXO..O,0.9999980667161033
OX.XOO..X,0.066741943359375
XOXO.OX..,2.4837032130977564E-10
O..X..X.O,0.921893163413069
XOX.O..XO,0.11865234375
XX..OOOX.,0.6072511601558201
.XOO.OX.X,0.1908420216843042
XX.OX.O.O,7.971558777317982E-6
OX...XOOX,4.018062149510847E-5
O..XX.OOX,0.0023461445241650387
.....X.O.,0.2770190554705425
O...OXXXO,0.9999999999928249
.OOX.X.OX,0.5099349705538646
XX.OO.O.X,0.37147233197615653
XOX.OO.X.,0.9590360779448748
X.O...OX.,0.13982927293836261
X.X.OOXO.,0.06766790988871994
XX..O.OXO,2.099295551187456E-4
XOXO..X.O,5.21396577913652E-7
XXOO..OX.,6.61519594847149E-10
X..OOX...,0.0010940329971861023
XXOOXXOO.,4.44620791137808E-31
.OX...O.X,7.567469790888739E-5
XO..O...X,0.6333033621727917
OXOXOX...,0.9999999716519441
XX.OXOO..,3.285618118176715E-5
....X.XOO,1.4430504004493646E-5
XXO.OO..X,0.9999999999999933
X..OXXO.O,0.9996652530799874
X.XOO.X.O,9.457453786408344E-5
OOX.O.XX.,3.580010662373517E-5
OX..O.XXO,0.9999999999998581
...XO..OX,0.9746905030750089
OXXX...OO,0.9999999496034562
O.OO.XX.X,2.805196862025422E-4
O..XX...O,0.00209364980031493
.OXO.X...,2.1403145943786676E-6
OO..XO.XX,2.0951502048361637E-4
OXO.OXXOX,0.5
.XO.OXXO.,0.5
.XX..OOXO,2.802200240673288E-7
X....OXO.,0.17987370807615644
OOXXO.OXX,7.405566483084896E-10
OXOX...XO,0.5397733033623803
OXX.X..OO,1.2872363335940937E-9
.O..XO.X.,0.014579752015119157
.OO...X.X,0.09743248161249991
OXX..O.XO,1.3008477170194028E-11
OXX.XO.O.,5.508905752600704E-5
O....XO.X,0.1381821325774061
..XO...OX,0.0035646960476714653
O..XXO...,0.8890315950233874
XOOXXOOX.,5.0681857954175585E-34
OXOX.O.X.,4.106684115742179E-10
.O..X..XO,0.5722782706748739
....XOXO.,3.2526333155419938E-6
.XX.X.OOO,0.9999999999999999
X.X...OO.,0.021054543894008317
.O..OXXOX,0.9999999999997973
XXO..O.XO,0.9999999992594434
XOX.XOOXO,0.5
XO...O.X.,4.877172974918646E-7
OO..XXX.O,0.060702760661974636
.XX.XOOO.,0.00819249445343078
O...XOXOX,3.5991517583657914E-5
.O.XOX...,0.923971551386904
..X.OX.O.,0.18526006946510454
XO..X.O..,1.5465866831979062E-5
XXO.XOO..,8.550599856455662E-7
.X.....O.,0.3299395037139339
OX.XO.OX.,0.9999999716519441
O.OX.X.XO,0.2843222073692346
X.O.OXO.X,0.9999999999999999
O.O.X.OXX,0.30330225968049956
XOOXX.OXO,3.4218758328575113E-25
O.XXOOX..,0.7645302741219595
XO.X.XO.O,0.044118374999999994
..OX.XOXO,8.863389252921575E-6
OX.OO.X.X,0.0020898386434463124
X..X.O..O,0.36632602480793297
..X.XXOOO,0.9999999999999761
...XXOOOX,0.0018633455696403986
.XOXOX..O,0.9999999998526676
..XOOXXO.,5.654932409943288E-5
..O.XX.O.,1.0577891519547201E-4
XOOXOXOX.,0.9999999999999999
OXO.XXOOX,3.315421631811933E-27
O..XOX...,0.5979364004588885
X...OXXOO,1.382798604378188E-4
XO.X...O.,0.1313605005540593
...X.X.OO,0.6133962691735477
X.OXO..XO,0.44702068111213344
OXOX.OXOX,0.5
OX.XOOX..,0.9991599919160893
XX.XOOOXO,9.450196716060194E-51
.XO.XOXO.,0.8672580810814087
O..X.OOXX,0.2109375
.X...O.OX,1.9676979769251867E-6
OOXX..X.O,0.03386425503964069
.OOX.XXO.,0.4826370555307349
....XOOX.,3.382922615508173E-4
..XO.OXXO,1.788017730112034E-7
X..OO..X.,0.9999968711909905
.X..XXOOO,0.9999999999999999
OX.XO.X.O,0.9999999999949774
XXOXOX.OO,1.1897093907982951E-58
..OOOXXX.,0.0022918335632421075
OOXX.OX..,4.0121886063099665E-9
.X.O.O..X,0.5295268597581437
O.X.X.O..,0.8088596876177174
OXXOO..X.,0.9999330317161863
.O.OX...X,1.2691844104372197E-5
XOOO.X.X.,5.033970279350557E-7
XXO.OOX..,0.26567064416076674
O.X.OOXX.,0.3370357840043312
...XO.XO.,0.030719700272330147
.XO.X.XOO,0.9999635879882933
OXO.XX..O,8.836370115380087E-5
XO.OXO.X.,4.484001812241368E-6
X.X...O.O,0.0010316948140775685
O.O...X.X,0.0014903728595359184
XOXXOXOO.,0.9999999999999999
OXX.OXXOO,0.9999999999999999
.XOOXOX..,2.0009527929916252E-5
.X.O.....,0.4683274458601841
OOX.....X,6.858153448899379E-6
...XOOXOX,3.4609895506589224E-4
X.XXOO.O.,0.26426626262599534
XXOO.XO..,3.7882814023223014E-10
XOXXX.OOO,0.999999999999996
OOOXX.XOX,0.9999999999999761
.O....OXX,0.46339406445875164
X..OOO.XX,0.9999999999701159
..OOXX...,0.48989499138004106
XXO.O.X.O,0.012277675004765627
..X..XOO.,0.10208651264533444
O.X.XOO.X,0.9624576568603516
.....OX..,0.1456509596052168
OX.OXXXOO,9.323056708580675E-18
.O.XXOXO.,1.5254785518783994E-8
XO.OOXOXX,3.4218758328575113E-25
.XX.OXOO.,1.7227591011088606E-5
.OXOOX.X.,0.001397509177230299
OXOX..XO.,0.03754234313964844
O.OOXXOXX,0.9999999999999999
X.XXO..OO,0.3382336644165113
OX..O...X,0.7360096632532462
.O..OX..X,0.41897409435557326
OO.XX..OX,4.921915662324389E-5
X.XOOOX..,0.9999999999999999
XOXOO.OXX,5.75114671228362E-26
XX..OXO.O,0.45633349090130426
X.X..OO..,1.4846197535487294E-4
XOXXXOOO.,9.073893696689958E-31
X.O.X...O,0.5862405993637295
XOXO.X.O.,4.0454012725594475E-7
XXOXO.O..,0.9999999999999999
.OOXX.O.X,3.2065655466827136E-5
X..XXO.OO,0.4481859927831341
X..OOXX.O,0.0889892578125
X.OXOO.X.,0.23119635063689906
O.......X,0.3699662792094949
O.XXOO..X,0.2109375
.O.XO..X.,0.309973396458719
X....XO.O,0.9674873720892305
OXXX.OOXO,7.240265422025083E-34
OO..OX.XX,3.352520854506768E-5
..OXOX.OX,0.9999107089549151
.X.XOOO.X,0.9997495102737111
X..XOXOO.,0.9999841081123372
O...XXO..,0.19511886969462194
OX.OOX.X.,0.8361632055990923
.O....XOX,0.5589598694154051
OXXX.O..O,4.037035527021527E-9
O.O.X.X..,0.5896155299430612
...XOOOXX,0.71875
.XXOX.O.O,0.3221217141298292
X.O.X.OXO,1.1438780133268793E-5
XOX...OOX,7.645867871902472E-7
.X.XOX.OO,0.7404627999497247
..XX.O.O.,2.2729273463770205E-7
XXOO...OX,4.478944410410761E-5
.XO.OXOX.,0.9999999994816103
.XXOXOO..,0.0824861206737037
XOO.XXO..,5.196343535943662E-4
X.O..OX..,0.08087667617385055
OOOOXX.XX,0.9999999999999999
OO.XOXXXO,0.9999999999999999
.XXOO....,0.2739774071695097
.OXXO.X.O,0.4230091693956633
XX..X.OOO,0.9999999999999999
..XX...OO,0.6476452387606748
.OXXOOX..,1.2710485534348325E-4
X.O...X.O,0.008326439605790955
X.O.XO...,0.29585876007301515
XOX.....O,0.46605053623845727
XO.O..XOX,5.9635004739423E-13
..XO.XO..,0.06633936848379486
O.XO...X.,0.847386731294904
O..XX.OXO,5.2634900375721874E-5
O...OXXOX,0.02499581683593749
XO.X.O.OX,0.07046873678267987
OX.X.XOO.,6.821747735231877E-11
O.OOXXXOX,0.5
OXOXOXOX.,0.9999999999999659
XX..O..O.,0.1859026625631497
O..OXOX.X,8.733494580860513E-5
XOO...OXX,9.477411179848743E-5
..O.O.X.X,0.028798261084359122
.OX.O...X,0.06922078700508309
XX..OO.OX,3.330372178419894E-5
.O.O.X.X.,7.186937975542327E-4
O.XO.O.XX,0.7874798973250952
OOOXOXX.X,0.9999999999999999
XOO.OX..X,0.9999999999998872
XOXX.O..O,3.1388012685689574E-6
.OOOXXXXO,0.5
.XOX..OOX,0.4102381156422694
OXO.OXXXO,0.9999999999999999
OOX.X....,3.562272988537862E-6
OOXXX...O,7.017986716762909E-5
XOXOO.XOX,0.999999999999409
O.X...O.X,0.001218832783591973
OOXXXO...,0.0016423011669155277
O.XOXX..O,2.6624060980668174E-6
.XXOOO..X,0.9999999999995863
.O..X..OX,3.0097496278598425E-6
OOXXX.OOX,1.778076512588684E-10
..O..X...,0.08901059669005133
.XOX....O,0.5310550145254149
.XO..OXOX,8.929104508500737E-5
.OXXX.O.O,0.009268719107812504
O.X.O.XXO,0.9999999999999833
O..XXOOX.,1.1375096915328922E-4
XOXX.OOOX,6.181972777247544E-44
O.XO.XX.O,9.822992091945625E-6
.OXXXOO..,0.28125
.XOOX.X.O,0.030747501674671468
O..X..OX.,0.42823547249137717
XO..OX.XO,0.05005645751953125
.X..OX.O.,0.48689945590407546
OXXXOXOO.,5.6227742702803555E-50
.OXX.XOO.,0.6574312695455011
....O..X.,0.4021883026834255
.XOX.O...,0.6094287824419908
XX.XOO..O,8.796962357826051E-7
O.O.XOX.X,1.9549105242914946E-4
OXOOXXO.X,0.9999999999999999
O.XXO.OX.,0.9999928765855105
O...XOXXO,7.935028142737094E-4
.X.XO.O..,0.4418093053845562
X..X.OOXO,0.04416900538808477
O.OX.X.OX,0.05426367187499999
....X.OXO,9.397007265300475E-4
.OO..X.X.,0.9021984956515696
..O.X.O.X,0.18168612996525302
XX..XOOO.,1.6741289259769697E-6
X.OO.XXO.,0.5
O.OXX.X.O,0.22596666206138605
OXOXOXXO.,0.5
O..X.O..X,0.026066140246573048
.O.XX.OXO,9.24837509204817E-5
OOXXOOXX.,1.6767191581001805E-25
.X...O.XO,0.09496341530125207
O..O.X.X.,0.25359858156961446
.X.OXO.OX,4.855396923325288E-5
OOXXO.XXO,0.9999999999999999
XOOX.OOXX,3.112345537964656E-31
....XO...,0.35055503253008946
..XO.OXOX,1.5179620203349908E-14
X..OX.OXO,0.002189734889220703
X..O.....,0.49862871464164793
OO.X.XO.X,1.4304441009862286E-6
OOOXX.OXX,0.9999999999999999
O.OXXOX..,0.9999999787389581
X..OXOOX.,7.510790670027013E-4
.XO...XO.,0.005404319552844596
XO.OOXXOX,0.9999999999999993
OXOX.OXXO,0.9999999999999999
.X.OOX...,0.14566490328555068
O.XOO.X.X,3.5746758459593374E-6
X.X.OXO.O,0.005222923217252345
.OXO.XX.O,4.742999213017184E-5
X......O.,0.28644031099139766
OXX..O.OX,0.066741943359375
XO...XOOX,4.3021349755048064E-5
X.XOXOO..,2.09927977792369E-6
.O..XXO..,0.03458874931700584
OOOX..X.X,0.9999999999573084
OX.O...X.,0.5435814481613852
.O.XXOOX.,0.11865234375
.X.O.OOXX,0.7211856941444849
OXXX.OXOO,1.4776051881683844E-33
..O..XXO.,0.13707315532431358
XO..O.X..,0.04481205546560561
.XXXO..OO,0.4213061362474503
OOX.O..XX,3.4793207329309066E-5
X.OXO..OX,0.2312670021388668
OX..XOO.X,0.031075880390625005
...OX.O.X,8.287209050602439E-4
.X.O..OX.,0.5737692686895827
X....O.OX,0.1573694840052283
..XOXO.XO,3.434934933092353E-4
XOXX..OO.,0.9999997461640947
OXX....O.,0.7843019022120407
XO.O.OXX.,1.0059695225121522E-7
.XOXO..XO,0.9999962287805644
...O.XXO.,1.7964840070290403E-6
X.O.XOXO.,0.34691704763836556
OX...XXOO,2.4250242358301227E-5
....OXO.X,0.6696956871441311
O..XX.XOO,3.994118188313543E-5
.O......X,0.04946594397848523
..XO..XO.,0.006539105603133947
XOX..O...,0.058099008650649854
O...OXOXX,0.39774402230530714
.OXOXXOXO,0.5
..XXOOO.X,0.05005645751953125
.XOXOO.X.,0.823632720005549
OOX.OXX..,0.3919798996693221
.XOO.X.OX,0.021117568016052246
XOOX..OX.,0.0869092916138697
XO...X..O,0.3627873906060327
.OO.X.X..,0.45902943223838283
O.....OXX,0.8632333469682965
.OX.XOO.X,1.0616757120973663E-4
OXO..XX.O,6.71953918514384E-8
O.X..X.O.,0.164136162323233
XOO...XOX,0.030272085591497657
..OXOX.XO,0.9999999820419633
XO.XOX.O.,0.9999999235664968
O..XXOXO.,2.326693838491334E-6
.XO..OOXX,2.0622426901109707E-9
.X..O.O.X,0.3940102869474812
X.XOX.O.O,1.6099528779065906E-5
OOX.XO..X,1.9118125385593315E-5
.OXO...X.,1.9883568426106167E-8
OX..O.OXX,0.9999998805415257
XX...OO..,0.263203750880013
...X.OO.X,3.901828547502491E-5
OXO..O.XX,4.2794123446216544E-5
XOO.XO.X.,0.002221417770918224
XOOXOX...,0.34986426146400895
..X.OOX..,0.9542555550772067
.OX.O.OXX,6.391275303866569E-4
OO.XXO.X.,0.9971339210059779
OX.O.O.XX,0.2487580230126787
OO.XOXXOX,0.9999999999999999
.XOXXOXOO,0.9999999999999999
O.O..X.X.,0.6193082334542367
.XXOO.OX.,0.4807302968022991
..X.O.X.O,0.2466455505674311
.X.O..XO.,4.439311223392618E-7
OO.XX..XO,5.846863257793834E-7
.O..XOXXO,3.9321852147748515E-6
XOXOOOXX.,0.9999999999999305
XO..OOX.X,0.2284411170781167
..OXO.X..,0.13691809907375513
XXOO.OXXO,0.9999999999999999
...O.XOX.,0.8397987186727516
OX.OXXOOX,0.9999999999999999
XO.X.O.XO,0.022969128984375003
.XO.OX...,0.9999999999999918
...OXX.O.,0.007692829079176501
XOX...OXO,0.5
X.O.XOOX.,0.025460015522489644
O.OOXXXXO,6.983420067056145E-25
X.X.X.OOO,0.9999999999999999
X.XX.OO.O,0.004844450520350001
OX.O.XX.O,0.6865146321057582
.X.OX..O.,1.533035112989707E-4
XOO.X..XO,0.9999959341540459
XOX..OOX.,0.28125
XOXOO.XXO,0.5
X.X.O..O.,0.6775223461634149
..XOOXOX.,9.95414504891099E-7
X.O.OXX.O,0.003633337890262502
XOOO..X.X,7.706151779577439E-6
OO..XX...,0.0824387945381864
.O.XX.XOO,6.705343098319826E-5
O.XXXOO..,0.0889892578125
XO.O..XXO,0.0889892578125
.XX...OO.,0.02329574977165632
OXOX.XO..,8.753660600824267E-7
.XO...OX.,0.5490822013460931
XOO.OXOXX,0.9999999999999999
OO.OX.XX.,0.07561028166189171
.OOOXXXOX,4.588970299831704E-29
......X.O,0.578724264874208
OO.X..XXO,0.9817594608779258
O.X.O.XOX,2.0372742210459635E-4
.XXOOOOXX,0.9999999999999999
...X..O..,0.5323598984389428
O.XOOX.X.,0.2400988754655564
X..OXOXO.,4.644332545727474E-6
.O.XOXX.O,0.8264162786220411
X..OX.XOO,1.2187603837852411E-4
X.X.XOOO.,0.0015749422812556626
..XXOX.OO,0.9999949717074192
X.O.X.XOO,0.00362893434353794
.XO.XXO.O,3.083278070170881E-5
OXXOOO.XX,0.9999999999999999
O.XOXXOXO,0.9999999999999999
.OO.XOX.X,0.012631128824244196
X.O.OO.XX,0.537530205525281
O..X.....,0.4449445864269182
XOXO..O.X,1.2115595062225198E-8
..O..XOX.,0.3317857810868635
O.XXO....,0.8009242765497486
.XXXOO.O.,5.08178487108984E-5
XXOOOXXO.,0.5
.X.OXXO.O,0.30039407299443055
XO.OX..XO,0.28125
O.XXX.O.O,1.6053588676149778E-5
OXXOOXX.O,0.9999999999999999
.O.XOO.XX,7.345207670134269E-5
....X.OOX,5.375280701586302E-5
XXO..XOO.,0.9999999160057602
..XXO.O..,0.20450917627012224
.X.X.O.O.,0.0032924246633797187
OXO....X.,0.22885059022082202
OO.X.OXX.,3.5693130298378284E-8
XXOXOOO.X,0.9999999999999999
....X...O,0.6212104357125787
OOX.X.OX.,0.9925401761480623
OX.OXX..O,1.1212062588379552E-9
X.OXX.OO.,2.490074586834023E-5
.XOOO.XX.,0.067528125
O...X..OX,0.034668898072437226
OXX..XO.O,0.9999996224522292
.OXO.O.XX,2.5294462515763647E-7
OXXXXO.OO,8.51809986635829E-35
XOO.XOX..,0.25236723814831796
.X..OXOXO,0.48730749564600534
OO..X...X,0.5254604521031757
.X.X..O.O,0.7552274086779365
XOXO.XXOO,2.0451957779126253E-35
.OOOXX.X.,0.8210814434073083
.OXOXXO..,0.0421274637169914
OO.XX.X.O,9.034284215270827E-5
OOX.XO.X.,9.793610226845688E-5
XOOOOX.XX,2.4722237051842166E-23
.XOO.XOX.,0.6292221310011813
XOO.X.X.O,0.005190482700374999
.X.X.OO..,0.049079095479389497
OXX..OOX.,0.05632971093750003
X...XO.O.,0.013740645656471592
OO.XXOX..,1.1569985699564035E-8
X.XO.OX.O,0.4509189788936966
.OX..O..X,0.21203961662130044
OOOOXXXX.,0.9999999999999999
...OXOXXO,0.05170939059515994
..XO..OX.,0.3970597821185753
XX.XXOOOO,0.9999999999999999
O..XOO.XX,1.382798604378188E-4
OOX..OX.X,4.447459334922446E-8
XOXXOO.XO,6.951960974910272E-14
.O.XXO...,0.0025313279321428576
..OX..O.X,0.5877052147835486
..O.OXOXX,0.9999999999999999
XXOX.XOOO,0.9999999999999999
XX.O.XOO.,4.6592191585544615E-7
XOX.OX..O,0.933258056640625
XO.XO....,0.03548375699927678
O..X.X.O.,0.20483234899179723
X..OX...O,0.04799102208074187
OOX.X..XO,4.5368207702140385E-6
XX.OO.XO.,7.128168862890219E-5
XO.XOO..X,0.021826977786250007
..X.XOO..,0.0014767329398728726
O...OX..X,0.2466891532442749
O..O.XXOX,2.492886255526432E-6
.O.XO.XXO,1.2251289209614995E-7
OOOX.XX..,0.999999681659712
X.OO.X...,0.283581441549175
..O.XO.X.,0.43744936362272246
X.X..OXOO,2.705847801897607E-6
...XOXOOX,0.5234075817511676
.OOX.X...,0.2327435598956466
XX..OO.XO,0.5177067555144204
...XOX..O,0.8466356074447045
OXXOX..O.,2.4776572468678527E-7
OOXX..O.X,0.0033126143460273753
X.OXOXO..,0.9999999999964841
XXOO.O.X.,0.9723922383006366
..X.X.O.O,0.8058607081462196
XO...XOXO,0.158203125
..O..OX.X,2.7214894638489607E-5
.O.OXOX.X,1.9549105242914946E-4
.OX.XXOO.,6.834817032435929E-6
O.O.XXO.X,0.4797855759611087
XOXOXO...,1.982407545296295E-6
..X..O.XO,7.169540963564823E-12
.XOXO..OX,0.9971261773727722
OO...XXOX,0.6204410633663029
O.OXX.OX.,1.1555221463952464E-5
X..O.XOXO,6.704390107758331E-6
.O.X.XXOO,1.9078793831168244E-10
XOOX...OX,4.549957190561843E-5
OXX...OXO,0.1789984488934746
.XO.X..O.,0.48392955870694554
.OOO.XX.X,1.4373047317019575E-6
XXOO...XO,0.03860357812500001
XO.OXX.O.,1.6672816330536603E-6
X...X..OO,0.44689364974862833
X..OXO...,1.0159563054322124E-5
.OXXOXOXO,0.5
XOXOX...O,1.0616757120973666E-4
....XXOO.,0.28779127052645037
OXX.OX.O.,1.9449427903571454E-4
.O.XX...O,0.030577325867418938
.OXX.OX.O,1.6831181172152526E-4
.O.XOOXX.,9.467539409335806E-5
X.O..X.O.,0.37440521169848756
X.OXXO..O,0.9999999999999999
.O.XX.OOX,3.943165101764183E-4
O.OX.XXO.,0.11517296875000002
O....OX.X,3.283741355689225E-5
OXOX.X..O,1.900518363264106E-9
OX.XOXO..,0.926916650620814
.OX...OX.,0.05083684591553739
X.O.O..X.,0.20692638003272487
X..XOO.XO,3.288860582509032E-7
XOX.XO.O.,1.295172929593581E-6
.O..XOXOX,2.4071694438496796E-5
.OOXXOX..,0.5804822350613595
.XO.XO.OX,0.0063840667324218765
OXO.XOXOX,0.5
O..OX...X,0.4622032611375679
OO.O.XX.X,0.06431707437322788
XXOXO.OXO,0.9999999999999999
XX.OO.OX.,0.5435093764404926
.OXO.X.XO,0.03754234313964844
O..XO..X.,0.7719175652984211
OOXO.XXXO,5.398877668049001E-30
..OX.X.O.,0.0036288232347860506
XO.OO.X.X,0.37017973816250593
OX.O.XOX.,0.9999999955937606
XOX..OX.O,4.0980080975421884E-7
O.XX..OOX,0.003312614346027375
XX....O.O,0.41285080150287506
XXO.OXO..,0.9999999999991558
.OXXOX..O,0.9999497737871397
XXOXOOOX.,0.9999999999999999
O.OXXO..X,0.9999996121286572
X.OOXOX..,0.018895219811179097
XOX.X..OO,4.6585730335781586E-5
O...XO.X.,0.01581391041135158
X.XOOXOXO,7.405566483084896E-10
.XOO.XXO.,0.5
.O.OX.X..,1.651265428637104E-4
OOOX...XX,0.9999999999997973
XXOOO...X,0.9999788108164496
.XX..O.O.,1.6760763169663738E-5
O.XX....O,0.48313502312664713
.XOOX....,3.681251021554503E-5
.XXO..OOX,0.001658115885612311
.OOXX.X.O,0.2084436989780722
.X.OO..X.,0.7206936441779305
OX.XO..OX,0.066741943359375
OOX...X..,1.3820784174960385E-7
XOOXX.O..,6.26538680982533E-6
XOOOXXXO.,4.007667158012371E-15
.OO..XXXO,0.9101570546043476
X..OO.XXO,0.9499435424804688
O.XX.O...,8.646357882229139E-4
OX..XXO.O,0.1005440728708406
X...OXOOX,0.5086294982072312
OXOXOOXX.,1.3080288685293622E-52
XO..O.XXO,8.531322686496692E-5
..OO.XXXO,0.28125
XOOO..XX.,1.061675712097366E-4
...O.X.OX,7.139816938066041E-6
OXXO..X.O,7.031047824840715E-8
OXXO.OX..,1.1149457610905329E-7
..O...X..,0.13554917997326899
..OOX.OXX,2.67179962363145E-4
..XO.OOXX,0.9999683586123911
OXXOXO.OX,2.4834110397546035E-34
XO.O.XO.X,1.0542125830927278E-7
.X..OXXOO,0.036238647373387944
OXOOX.X..,6.928458047924884E-4
.....O..X,0.007759061918388606
.OO.X.OXX,4.8399793312602524E-4
O.X.OX.XO,0.999999999999409
X..OOOXX.,0.9999999999999833
X.O...O.X,2.1148623389605296E-4
OX..OO.XX,0.03421931460937501
OX.OO.XX.,0.06501382270498926
XXO.OOXXO,0.9999999999999999
X.OOX.X.O,0.9841618239879608
XO..OOXX.,0.022041125577849423
X...OX..O,0.31091081634628287
.XO...O.X,0.1039766901573194
.OX..OOXX,0.11865234375
O.X..OXOX,9.920162033995711E-6
XOOX.XO..,6.346018404856532E-9
O...X..XO,1.9067943893101395E-4
OXOXO.XXO,0.9999999999999999
XX.OOOOXX,0.9999999999991558
O..XOXX.O,0.9999999999928249
OX.XX.OO.,2.094546990312315E-4
OOXX.X.O.,6.012499478632287E-11
X..XO..O.,0.044378423543544696
OXOO...XX,6.338288505436553E-7
.O...X.OX,0.20334294176884032
OOXOX.OXX,0.9999999999999999
.OO..XOXX,0.9999998940051278
..X.OO..X,0.9265597624717403
.OXXXO.O.,2.9295478506643595E-6
..XO.....,0.776453241644062
...OXOXOX,7.10065455700185E-5
.XXOXXOOO,0.9999999999999999
.XXX.OOO.,0.017965140169921883
OXOXX...O,1.2318476795898749E-5
OXXO..O.X,0.9999999999997973
XO.O.XX.O,0.2109375
..XXOOX.O,5.073447046527021E-4
XX.XOO.O.,6.113446206602359E-5
OXOO.XX..,2.8220379681187513E-4
O.O.OXX.X,0.00710050088794922
O.OXO.XX.,0.39217065591776623
XX.XO..OO,1.4976034301625846E-6
.XOXXO..O,0.9999999999999972
XO.XOOOXX,0.5
.XXX..OOO,0.9999999999975389
.X.OOXX.O,0.9997242176433281
..OXX..O.,0.07493564644377945
....OXXO.,0.892055769486074
XOXXOO.OX,0.9999999999999659
O.OX.XOX.,0.48217656797584096
XOO..X...,0.02684365215039205
.OXXOXXOO,0.9999999999999514
O..O.XXXO,6.734722493017425E-10
XOX.OXOXO,0.5
..OO.XXOX,0.158203125
XO..OXO.X,0.48885454765245573
OXOXX.OOX,2.8053670106086596E-15
.X.OOO.XX,0.9999999871538211
.XOXOXO..,0.99999999848866
OO..X.OXX,0.9999999998801364
XXO.X.OO.,9.097777555293335E-5
.OOX.XOX.,0.599630891004966
..XOXXOO.,0.5736050497654117
O.OXX....,0.14870505301740022
.XOXXOOOX,1.3746298351982436E-15
.X.O.X.O.,9.847527998882283E-4
.XXO....O,0.01745669408665198
.X.XOO.XO,0.6094448348630686
X.OO.XOX.,0.40725346889851466
OO.X.XX.O,0.37616426031242123
..X..O.OX,0.12787308909465578
X..X..O.O,0.7345087573191595
XOXOXOOX.,2.3103403640176884E-16
.O..X.XO.,3.874791899371884E-7
.XO..X.O.,0.007305795681670181
..O.OXXOX,0.9110107421875
OXO.O..XX,6.369294288804865E-7
.X.XXO.OO,0.9999997168391719
XO..XO...,0.15835575527053947
...OX.XO.,8.365811324903427E-5
...XOXOXO,0.9999717477552661
X.OXXOOXO,0.9999999999999999
XO.O...X.,9.811197990387938E-7
OX.XXOOOX,0.5
XOXOX.OXO,0.5
OXOX.XOXO,1.9199235151794978E-39
XXOOXX.OO,0.5
OOX..X.XO,0.02519136843778704
OX...X.O.,0.27226590160037956
OXXX.OOOX,0.5
XXOOX.O..,3.2095592584662374E-5
OO.X.O.XX,0.10459659934410062
O.X...XO.,0.060006724833863004
O.XXOXXOO,0.9999999999999659
OXX.XXOOO,0.9999999999999999
O..OX.XOX,2.3487936741709635E-4
OXOXXO...,0.001026474724903692
OX.XOO.X.,0.5200221393269524
XX.OX.OO.,0.17686491551149747
.XXO.O...,0.33113905098305885
O..XX..O.,2.185584076494259E-5
XX.OO....,0.07195440531456827
O.XO....X,0.020289365127899063
OOXXOO.XX,3.4064608777060334E-14
.XX.XOO.O,0.20510865980431278
.X.OXOXO.,4.5419435231589223E-7
.XX.OOO.X,0.02528708083289062
OX.XXO..O,9.676395677251372E-7
.O.XOXO.X,0.6015978094145279
XOXOO..X.,0.9997490813693833
.O.OXX.XO,0.05005645751953125
X.O.X..O.,1.969146681462821E-7
.O..X.OX.,0.6884350566395839
O.XOOXXXO,0.9999999999999999
O..OOXX.X,4.22959020876336E-5
.XOXX.OO.,3.5652872843080606E-7
.OX......,7.78237006778552E-5
OXX...XOO,0.15748576314423232
OX.O.X...,0.7547217590026614
XO.X.XOO.,0.9715243333677108
OXOXOXO.X,0.9999999999999999
X.OX.XOO.,0.5456319751428704
OXX..OXO.,4.42180638108024E-4
..XO.O..X,0.942364056370983
OXX.O.O.X,0.011756309554951175
..OXOX...,0.5507492681020286
O..OX.OXX,0.9999999999999999
OXXOXXO.O,0.9999999999999999
OO.OXX.X.,0.9999998531656251
.OOXO.XX.,9.82682307737409E-8
XO..X...O,0.0015538068921624412
XXO.XO..O,0.9999999999999999
..X.O....,0.7047128632963384
OX.XO..XO,0.99999999848866
OO...XXXO,0.9999997608295708
X.X.OOX.O,1.906698317997292E-5
.OO..XXOX,0.9999990951489403
.O.X.XOXO,3.062682846415752E-5
OXO.OXX..,0.9999962287805644
X..OOXO.X,0.050932303819636066
...X.OX.O,0.1198249206078382
...XX..OO,0.031839481141034714
XOXXO..O.,0.9999999999999659
.XOOXO..X,6.550120935645387E-5
X..X.OO..,0.8187993928625905
OOXXOXX.O,0.9999999999999514
O.X..OOXX,0.88134765625
OXXOOX...,0.40691302547402136
XOXXOXO.O,0.5
OX.OXOX..,4.907049904417647E-4
OOXXX.OXO,2.0268107798572224E-13
OOXXXOOX.,0.5
..O.X..XO,0.09035109957429413
.X......O,0.33887203634165475
...OO..XX,0.10580208849190403
OXOX.XXOO,1.5740168128422747E-29
.O..XOOXX,2.1438779924910262E-5
.O..O..XX,0.1573874918350085
...OXOOXX,0.25653280070948953
OOXXO..X.,3.784008687434756E-9
X.OOO.XX.,0.02250285290859375
XX.OXO..O,2.323022324946627E-4
O.X.XX.OO,1.5007145947437189E-5
.X....OOX,2.850809250708931E-7
.OO.X...X,2.900483167355942E-4
XO...XXOO,3.0626828464157514E-5
X....OX.O,0.1328315119926456
.O..OXX..,0.9268282467767108
.XO.OXX.O,0.9998632154341442
OXO.X.XO.,0.158203125
..OOX...X,0.018847177513784404
XOX.OXXOO,0.9999999999999999
...XXO.O.,0.2329491792006695
X..O.XXOO,0.0015856059694669966
O..XXO.OX,0.2109375
XX.OOO..X,0.9999999999991558
X.XOOXXOO,6.766166595534557E-27
OX....O.X,0.9731779192253351
X.O.XXO.O,8.825260096374522E-4
O.O..XXXO,0.9999999999661822
OXXX..OO.,0.6616639181732582
OO.X...X.,0.9275511279418958
OX.OX.X.O,1.1644659441147351E-4
.X.OX.XOO,2.3214483500671258E-4
.XO.OO.XX,0.29729860314316797
X.O.OX...,0.5340329624612891
X...OXOXO,0.9999998009025426
...OOXX..,0.212030735579055
O.O.X..X.,0.35447375482981824
XXO.O..OX,0.6573836149766821
X..OO.OXX,0.9999999999999786
.O.XO.OXX,0.6673142530861143
X.X..OOOX,2.469781665929445E-7
.OO..X..X,0.8440261810681681
.XOOX.XO.,0.0889892578125
.XXOOX.O.,3.994118188313541E-5
.OOXXO..X,0.04210740199629756
.....OXOX,0.3399473027912471
OOOXXOX.X,0.9999999999999999
OX.X.X.OO,0.8047384796996079
OOO..XX.X,0.9999999999999305
OOX.OXXXO,0.9999999999999999
XO.OXXXOO,5.72523879716053E-15
X.OO.XX.O,0.5
OXO..XOX.,0.5238289525021343
.XOX.OO.X,2.777401663296319E-5
...OX.OX.,0.008814484506373385
XXOO.XOOX,1.8518150401408075E-30
XOXOOO.XX,0.9999999999999999
OXXOOXXO.,4.888394046939301E-25
..O.XXOOX,4.9704581899012994E-5
XX.OOXO..,0.05654527460510275
X...OO.X.,0.8259002542798833
.OO.X.XXO,0.9999999971619935
.XX.OX.OO,0.42169068091680184
XOX..X.OO,0.8929036369296816
XXOOO.X..,0.9624576568603516
X.O..XXOO,0.0029196465189609373
.O..XO..X,5.366558949912289E-6
OX.XOOXOX,0.5
XX.O.O.XO,0.2330973100643189
O.X...OX.,0.9953371214709192
.OO.XOXX.,0.4801081343111426
O.OX.X...,0.09827459936895683
XXO...O..,0.7803915287139402
O....X.OX,0.003301028627951479
XXO..X.OO,0.9999330317161863
X..OXOX.O,3.3560943795521455E-5
.OXOXO.X.,2.554843231776895E-7
X.X..O..O,1.2259301061239763E-5
XOXXXO.OO,3.112345537964656E-31
.X.O..O.X,0.6556808180240157
X.OO.O.XX,3.1057613676639115E-7
.OXX.OO.X,0.2109375
X..XXOOO.,2.662508853153103E-4
OOOX..XX.,0.9999999999991558
.XX.O.O..,0.014443266400463353
O..XOXO.X,6.078494583564653E-4
XOXOOXX.O,0.5
..X.OOOXX,0.9624576568603516
X.OO...X.,0.1845510931092733
.OXX..O..,0.021163861439999997
OX.XO.XO.,0.9110107421875
..O.XX..O,2.23476842262183E-5
OO.OX.X.X,0.004417273204909924
.X...O...,0.3161014817418439
XOOXOX.XO,1.0296641837501944E-22
..OOXXO.X,5.1047761729139045E-9
O..OXOXX.,3.285618118176715E-5
XX..OXOO.,0.39879102237764935
.OOX.O.XX,1.5041055730674633E-7
XOXO.X..O,0.2109375
XO.OOX.X.,5.016956387766669E-4
....XO.XO,5.744408802837268E-4
X.XO.OO.X,0.34195208348254363
..XXXOO.O,0.9997279542652713
...O.OX.X,3.6639404383484006E-7
X...XOXOO,0.008092546287585652
OO.XX....,0.0023094661162593923
X.OXOOOXX,0.9999999999999999
OOO.XX.X.,0.9999999999999942
.OOXX....,0.21911321744434548
OXX.O.X.O,0.9999999999999993
OO.X.XOX.,6.271569906134247E-8
OOX.XXO..,2.586648164010038E-5
..X..XO.O,0.7998976417951308
..O.OXXXO,0.43145997004683556
O..OX.XXO,5.263490037572184E-5
.XOOXOXOX,4.136348530320862E-13
OO..X.XOX,0.3956886529575827
OOXXOX...,0.42502925401123454
OX.X..O..,0.2502946416436692
.XO.O..X.,0.2856789537098222
XXO.O.XO.,3.90165824195782E-5
.O.O.XXOX,2.280865115819118E-8
.XX..OXOO,1.2951729295935798E-6
.OOX.XX.O,9.281065311532093E-7
O.OOXX.X.,0.6801117086831775
X...O..XO,0.2338110058717013
.O.XXOX.O,6.878776154161865E-8
....OXOX.,0.42711091622439185
.O..X....,0.05369170068009753
.O.O.XOXX,6.400910748067826E-9
O.X..O..X,0.062265053619748406
..XOO.X..,0.9095554366152885
OOXXXO.OX,6.951960974910272E-14
OX..X.XOO,1.1255359460577887E-5
O.XX.OX.O,0.5006203402433971
..XX.OOOX,2.1165284760890635E-4
OXXO.X.O.,7.38677064646182E-10
..OO.XOXX,0.607706313458138
.XXOO.O.X,0.4160667411298075
.OO.OXX.X,0.08592117049168987
OOXXOXOX.,5.0453545003759524E-23
O.XOXXO..,0.9999999999999999
..OOX.XXO,0.0012462348963600384
.XOX..O..,0.26096704894255995
.XOXOOXXO,0.9999999999999999
.XOOOXX..,0.028156757354736328
.X.OO.XXO,0.9999788108164496
XO..O.OXX,0.8524720134064678
OX..XOXO.,4.793456477899924E-4
X.XO.X.OO,1.4006669550941377E-5
OO.XXO..X,0.9916478368686512
OOOXX.X..,0.999999999999996
.O.X.X.O.,0.13608238522001928
X.XXOXOOO,0.9999999999999999
O..XOOXX.,1.2408088513483301E-4
O.O.X.XOX,0.9949887021211907
X..XOXO.O,0.9999991050719503
XOO....X.,2.2891369749753555E-5
.O.OXX.OX,2.2466914809263658E-5
.XXO.OX.O,1.5652996866948948E-5
O.OO.XXX.,1.1204663684946295E-5
..X.O.OX.,0.24538450064155165
...XO..XO,0.8427987868399619
X.OOX....,2.0074401051512303E-6
XXO.OOOXX,0.999999999998794
..OXOXOX.,0.9999998440132588
OXXXOX.OO,0.9999999999999999
.OXX.X.OO,0.9571567303084264
...OXO..X,1.1128314782490383E-6
..OOXOXX.,2.4062003685107484E-5
..OX.XXOO,2.38183090436237E-6
..O..X.OX,0.20930580580172872
XX..XO.OO,0.5504435942724846
OOXX.XXOO,9.492960852734734E-62
XX.OOOXXO,0.9999999999999999
O.XO..OXX,0.9999999999964841
.X.OOOXX.,0.9999999969156325
O.XOX..OX,0.1001625031193646
XXO..OO.X,3.0833067961022174E-7
..OXXO.OX,5.895741841440322E-4
OX..OXO.X,0.47139264775780765
O...OXX..,0.20059216484126438
.X...OOX.,0.2296144383430067
X.OXO.OX.,0.999999999939012
XXOOOOX.X,0.9999999999999999
OXXOOXOX.,0.9999999999999999
XO.O.O.XX,0.01797946103043265
O.O..XXOX,0.933258056640625
O.OXXOXOX,0.5
XOO..O.XX,1.3540328121654436E-5
X.O.O.XXO,0.0160783902890625
O...O..XX,0.009416608275876244
.O....X..,0.5179452239535197
..X....O.,0.05319195412633306
XOO.X....,2.5924467251961746E-5
...O..X..,0.7517842865925412
OOXO.X.X.,7.8876479178766E-7
.OXOX..XO,7.860989121920431E-4
.XO..OX..,0.7345544179477661
XOX...O..,0.023545996608332224
XOO..XX.O,0.0010604782726415635
.OOX...X.,0.17947167860993893
OO...X..X,0.4796081834274119
X..XX.OOO,0.9999999999999833
X.O.OXOX.,0.9999999999998581
X.XO..O..,2.4210368267225493E-6
..XX.O..O,7.67112979402244E-8
...XOO.X.,0.24817708402073002
.X....OXO,0.13673838670176147
O..O.X..X,0.2050335999482863
XXOO.X..O,0.066741943359375
OX..OXX.O,0.9999999999573084
.XOO.X...,0.21689976011598794
XOOX.O.X.,2.4985191208864805E-8
..OOOXX.X,3.3163547858101807E-4
XOXX.OO..,0.2109375
.OO.X.XOX,3.958165210439625E-5
...OX....,0.008940152770649032
OO.XO.X.X,0.5444774297166516
X.......O,0.5794162714395918
.X..OX..O,0.6572659584159983
XOO.O.X.X,0.18006603213878636
X....O...,0.5974828529867731
OX..XO...,7.224681324187929E-6
XOOX...XO,5.110235126580236E-6
XX.O.O.OX,0.006020817434908779
.OOXXOOXX,1.4776051881683844E-33
X.X..OOXO,4.7934564778999233E-4
.X..OXOOX,0.36373048334600977
......OX.,0.15752080223908163
..XXO.OOX,2.672433069938965E-4
X.....OOX,3.200250228088012E-8
O.X.OOX.X,2.2999326827237008E-5
OXX..O...,0.002418769294201969
O..XXO.XO,1.5220405940923622E-6
O.OXX.XO.,3.708203089991703E-4
O.XXOX.O.,0.21756040313225466
OOXXX..O.,1.2476420829800734E-4
..XO.OX..,0.10333526614352624
XO.XX.O.O,0.033088781250000004
XOX.XXOOO,0.9999999999999993
OOX.X..OX,2.407169443849678E-5
XOXX..O.O,0.9624576568603516
X..O..O.X,4.4537430448769486E-7
O.X......,0.1709662603534345
.XO...X.O,0.9997126336807773
XOOOXX.XO,0.5
OX.XOOXXO,0.9999999999999999
OXO.OX..X,0.719919620443303
OXOXO..X.,0.9999999449055469
OX.OX.O.X,0.9999999999999999
.OXO.XXO.,1.027486903943658E-5
.OX.O.X..,0.562456251019934
XO...X.O.,0.60681643079436
O....X.XO,0.43844644206812955
XO.XO.OX.,0.933258056640625
...XXOXOO,0.10699711299364195
.X.OX...O,0.17097484611009464
..XXOO...,1.5493689210688462E-4
OO..XOXX.,3.5911968513767117E-6
O...XX..O,0.11272320480095382
....OX...,0.6775182117230834
OXOXOO.XX,3.5317481502631667E-23
OXO..XXO.,0.2109375
OX..X.OOX,0.9999991295426391
XOXO.XOXO,0.5
..XX.OXOO,3.6415476924939655E-5
OX..O..X.,0.9761889695255257
.X.XOXOO.,0.9999997229488398
...OO.XX.,0.056439539458257734
.XOXOOOXX,0.9999999999999986
XOOXOX.OX,0.9999999999999833
OO.XX.OX.,3.5657169001745374E-4
XOX..OO.X,6.1272600014722E-7
.OOOX.X.X,9.483283928416838E-5
O..OXXO.X,0.9999999999999999
.O..O.XX.,0.06821660220943249
....XO.OX,6.614731335744E-5
OXOOXOX.X,1.2446535588120789E-10
OXX...OOX,0.002941792578482539
XO.OXXOXO,0.5
OX..X...O,0.03259850113222727
OXOXOXX.O,0.9999999999999999
OXXXO.O..,0.37291047573948016
OXO.X..OX,0.158203125
..X.OOXOX,0.9999999994948958
.OX...X.O,0.01732066894541995
.OOXX.OX.,3.3094159611497095E-7
X.OXOO..X,6.366584436264393E-7
.XOX.X.OO,7.30077176131943E-10
O...XXOOX,1.0505002163206033E-5
O..XO.XXO,0.9999999999999999
O.XO..XOX,7.29357398219789E-8
OO.X.X...,0.13575846102477807
.X..X..OO,0.6498363024187185
O.OOX.X.X,7.010071292025211E-4
..XO..X.O,1.4234499786101584E-5
.X.OXO...,1.926897580413923E-7
O.XOXO.X.,1.5544110847693137E-6
...X.O...,0.20936965779375896
X..XOO.OX,1.9873279098778424E-7
OXX.....O,0.6222697880417829
XXOOOX.XO,0.5
OOO.X.X.X,0.9999999999999999
.XX....OO,0.29671269531895816
.OXXOX.O.,0.9999999998755347
OO..X.XXO,1.7305533063868276E-9
..OOX.XOX,3.131724898894618E-4
..OO.X..X,0.22016241596578495
XXOXO.OOX,0.9999999999999999
.XOXOOXOX,1.4187675459000557E-13
.O.O.X..X,1.6821840535697793E-9
...X....O,0.5402765849347828
OO.XXOOXX,0.5
OX.OXX.O.,0.9789614452711033
OXOX.XOOX,2.818061889018974E-26
.X...OXO.,1.501825923297509E-8
X.O.OXXO.,0.005958462283593752
XO..XOX.O,8.340522509695935E-4
O.OXXOOXX,1.5740168128422747E-29
.OX..OX..,0.04813901264557245
X.OOX.OX.,2.7602155712349273E-4
O.OXO..XX,0.13990289161594527
OO..XXO.X,0.5362040002939429
.X..XO.O.,0.33714885067388445
.X....XOO,3.187510901245553E-11
..O..X.XO,0.2519690149377293
X.X.O.OOX,8.334558718101565E-7
.XO.OXO.X,0.9999999999999659
...X..OOX,6.967777390646583E-10
O.XOX..XO,0.09753939362243666
..OXXO.XO,0.9999999999995863
OX....X.O,0.13545002582456217
X.XOXXOOO,0.9999999999999998
XXOXO...O,0.5769480577773831
.O.XO.XOX,0.9999999999928249
X..O.X.O.,6.389586655483948E-9
O.O.X.XXO,0.32444444800482763
O.O..XOXX,0.9999997168391719
.X.OX.OOX,1.6151972475379058E-5
XX.OOOXOX,0.9999999999999999
OXX.OOX..,0.9999994966029722
.OXOX..OX,2.2999326827237008E-5
.....OOXX,0.5486325301785645
OXXXOOO.X,0.5
O.O.XOXX.,0.5846099745699043
X.XOOX.O.,0.006150921008464017
OX.O.XXO.,2.1189183550446082E-5
XX.O.XO.O,1.0573857960500613E-4
X.X.O...O,0.1677088978104831
O..X..O.X,0.08820900755593972
..XXO...O,0.33645719453107986
X.XX.OOO.,5.4509174683522565E-6
X.OXO....,0.39880714282975105
X..OO.XOX,0.9999999993265277
XX.O...O.,1.6291461800913157E-6
OXOXXOXO.,0.5
....X..O.,0.15000096148298145
...O.X.XO,0.08435693119686405
X.O.O.XOX,1.7105467087550583E-4
XO..O.XOX,0.9999999999999999
.XOXO.XO.,0.0021390446590259663
X.O.XO.XO,0.9999999999999999
OX...OX..,0.3626852628907461
XOX.OX.O.,0.9999999999975389
O.X.O.X..,0.7617916343264666
XOO.X.OX.,3.860588294978217E-6
OO.XX.XO.,1.7166044850050325E-4
.X.OOXO.X,0.5844188169649271
XXOXOO...,0.09824640623276315
OOXX.XOXO,1.5250493136026815E-31
O.....X..,0.24946184945183186
......XO.,0.1839901670917285
O.XXO.O.X,0.004170923598515625
O.OXOXX..,0.9999971715854232
.OX.OX.XO,0.88134765625
.O...X.XO,0.1106001537099632
OO...XOXX,0.3477425130131983
X.XX..OOO,0.9999999999999305
X.X.XOO.O,0.0015577936204500477
XXOXXOO.O,0.9999999999999999
..XOOX.XO,0.5022684190369385
XXO.OOXOX,5.572229136586316E-28
OXO.XXO..,0.14878969317729163
..X.O.XO.,0.7152809650169742
O..O.XOXX,0.9999999999997105
OOXOX...X,0.012409753949658937
OX.X.OO.X,0.158203125
.XO.XXOO.,2.157878210557269E-5
OXOXX.XOO,4.588970299831704E-29
..XX.OOXO,6.696828381375552E-5
XO.XXOO..,2.8617316708849325E-6
..OXOXXO.,0.047726627812500005
X.X.OO...,0.1908292585429024
..X.XO..O,3.987400217622627E-5
O.O.OXXX.,0.6886953273960323
.XO.O.XXO,0.9999993288039628
OOXOX..X.,5.639500060310744E-6
XO.XO..OX,0.9999999999999918
.XX..XOOO,0.999999999939012
XOXOOX...,0.00254333652318375
X.XOO..OX,0.6168865027759457
..X.OXO..,0.0066400317368896875
X.OXXO.O.,4.1410151568852134E-7
.OXO....X,0.0033493675159960053
..X..OOX.,0.028575921395308963
.XX.O.XOO,3.95402365460279E-6
OOXX.X..O,2.4621646197226348E-8
.XX.OOXO.,0.030882862499999997
.XOXOO..X,0.28092559440134934
.XO..XOXO,1.8520729879052722E-8
OOXO..X.X,1.6099528779065906E-5
XO.XXOOXO,0.5
..XXO.OXO,0.9999796747309155
..X.XOOOX,1.1375096915328925E-4
OXOXOOX.X,1.4187675459000557E-13
.OOXO..XX,0.35538705003692544
X...OXO..,0.4756682553523206
OXOO.XXXO,5.0681857954175585E-34
O.OX.O.XX,9.281065311532093E-7
..OX.....,0.31980772037785266
X...XO..O,0.7754136372396679
.OX.XXO.O,5.699447592686572E-4
XOXO.O.X.,2.6133364067222014E-8
OOO.XXXXO,0.9999999999999999
XO..XXO.O,0.005602288028368816
.O.XXOO.X,5.135846226321348E-4
X.OXX..OO,0.32317947215155995
.OXXXOOXO,0.5
OXOX..O.X,8.351208544034082E-5
X.OOOXX..,0.11865234375
.X.OO...X,0.8542952556411182
X...OOXXO,0.1332525153887716
O.OOX.XX.,0.0013349938109999343
OXXO.XXOO,1.8518150401408075E-30
X..XOOOX.,0.999980221790525
OX.O.X.OX,0.010592821837499999
X.O..X..O,0.06584881854350047
...XO.O.X,0.6477532311060109
..XXOOOX.,0.03754234313964844
OXOOXXXO.,0.5
.O.XX.O..,5.0796640971340674E-5
O.O.XX...,0.38423546048225654
.OXX.OXO.,2.506354417807789E-5
XOXXO.OXO,0.5
O..O...XX,0.38614313490877117
X.OO.XO.X,1.5843954171935264E-4
..O.XOOXX,8.836370115380081E-5
O.XOOXX..,0.048304704738339525
XXOO.XXOO,0.5
O...XXOXO,9.865907086845606E-6
O..XO.XOX,0.7890625
OXO.XOX..,0.0029196465189609373
..O.X.XO.,0.12646717202604374
...O....X,0.45618401580192164
O.OX.XX.O,0.2943816737450462
XXOOOXO.X,0.9999999999999998
XO....O.X,0.05930021300801322
.OXOO.XX.,0.030882862499999997
.OOXXOXOX,2.6454500573440103E-30
XOOOXXX.O,0.5
XXO.OX..O,0.4533086767891973
OX...O..X,0.1277811963968717
X.OOO..XX,0.21084733385827104
.X.X..OO.,0.6776607826689355
X.O..XOOX,3.251387099286679E-6
O.X.OXXO.,0.1752509107602791
XO.OO.XX.,0.0017914626635175544
..OOX.X..,0.025525825275332592
.......OX,0.15065162749037317
O.OXOX..X,0.9999978786890674
OOXOXO.XX,3.918211255468363E-39
XXO.OXOOX,0.9999999999999999
X.OO..XXO,0.933258056640625
OOOX.XXOX,0.9999999999999999
XOXX.XOOO,0.9999999999999999
.X..O..OX,3.788402910372986E-4
..OXO.XOX,0.0055612314646875
XOX.O.O.X,5.177004723018384E-6
.XO.OOXX.,0.4258307072532814
.X..XOXOO,2.9793868499320597E-6
..XOXOO.X,1.744424843104705E-4
..X.OOXXO,0.9999999999999997
O..O.XX..,0.22120301535282993
XOXXOOOX.,0.5
XXO..OX.O,0.9999999999997105
.OO....XX,0.27359909515394315
..XOXX.OO,5.7969992758732735E-9
..O.XOXOX,7.962567840730243E-5
...X.OOX.,0.03133915621898688
O.XOXOOXX,0.999999999999998
..O...XOX,0.09778184294732142
.XOXO.OX.,0.9999999996371273
XOXOX..O.,2.1240080842460313E-6
.XOOX..OX,0.0018633455696403986
.OO.XXX.O,0.0012462348963600376
XOO.XXXOO,5.72523879716053E-15
X.O.O.OXX,0.9999999999999999
O.XX...O.,0.04328078564882431
.XX.OOOX.,0.067528125
.XOO...X.,0.03904445992038699
..OOXX.XO,1.720816041003967E-4
.OX.X..O.,7.90179598504046E-8
O.X.OXOX.,0.27558276788131786
O.O..X..X,0.9046058787686492
..X...XOO,0.007447099100926426
O.OXX..OX,0.033916000781250004
.O..XOX..,0.4160974602161903
X...X.OO.,4.1897298120989675E-5
.OO.XO.XX,0.01639020301523484
.XXO...O.,0.07680511234702372
O...XXXOO,4.329821356536238E-5
O..XO.OXX,0.8523097983710315
OX.XOXOOX,1.786122684460737E-21
XXOOX...O,3.7500615887458015E-4
XOOX.X..O,8.151261608803145E-5
X.OO.OXX.,0.8813982699506597
.X..OO.X.,0.9990661379644469
...X..OXO,0.04190406505893372
...OOXXXO,0.7890625
...XOX.O.,0.8803809563032408
.O.O..XX.,7.047469208616459E-7
OX.XX..OO,0.009180802930704819
OO.OXX..X,0.7748826754825604
OOOX.XOXX,0.9999999999999999
..XOX.O..,0.842806154254472
.OXX..XOO,2.7342446606200686E-6
OX.XOX..O,0.9999999969156325
.O.X...OX,0.3538793009030369
X..XO...O,0.13093395352936282
XOOX.XOOX,2.9482107777832473E-57
X.XO..XOO,6.1924433943032995E-6
X..O...OX,5.413251413901998E-6
.OX....XO,0.41569015626016553
.OOXOXX..,0.39138136192126566
.XOOXXO..,4.136344601762375E-6
XX.OO..XO,0.05012556445312499
XO.O.X...,5.139781972014545E-6
X.OOX.XO.,6.39849201487252E-5
.OOX.OXX.,0.6303580682852086
.OO.X..X.,0.9902840348399001
..X..OXO.,0.15903433166106934
.XXO.XO.O,0.3976970421770325
.O...X...,0.44521227337402824
.X.XOOXO.,5.076053243587014E-4
.OOXX.XO.,2.892175520115369E-5
.OOX..XXO,0.70188633363715
OX....OX.,0.44325094912311697
XXOXOO.XO,0.9999999999999999
XO.OX....,4.033516174507011E-5
OX..XXOO.,0.1643424246127817
.XX.O.OXO,1.005530337372366E-9
XOXO...XO,0.28125
.XOOO.X.X,0.005240657366478627
X.XOXO..O,1.3555617188442202E-6
OXO..OX.X,0.0015149689609165193
X.OX.O.OX,1.6117707568275666E-6
X..XO.OOX,0.9999999999918098
.X.XO.XOO,0.28159297716963994
.OXXO..OX,0.9999999999999918
XXOOXO...,4.4366102734340405E-4
.OX..O.X.,9.876275274210269E-8
OO....X.X,0.3260947848396275
XOXOXXO.O,0.5
X.XO.OXO.,6.363496561430053E-8
O.XX.O.OX,0.11865234375
XX...XOOO,0.9999999999853568
XX.OOO.X.,0.9999998440132588
XOOOX..X.,5.567510931368207E-4
X.OOXXO..,1.8916882645393267E-6
OXXXOOX.O,0.9999999999999999
.....OXXO,0.9339512838083579
.OXXO..XO,0.9999926408842958
..X..O...,0.12180968671672475
XXOO.XOXO,3.779214367634301E-30
.XXO.O.OX,4.948714228043255E-9
X.XOO..XO,0.010592821837499999
XOO..X.OX,2.0045389928033788E-8
..OX..OX.,0.3460144903415988
.X.XOOOX.,4.4927236402168315E-4
.O.XO...X,0.3156276732843831
X...XOOXO,0.0027250034176968764
OX.OXOXOX,2.3103403640176884E-16
XOXOXO.XO,4.714980334729976E-16
OOO..XXX.,0.9999999999928249
.OX..XO..,0.06602191132541045
.XOOOX..X,0.9998412603642933
XOXOOXOX.,2.0268107798572224E-13
..OXX...O,0.4698361800832653
.XOO.O.XX,1.7655752437253542E-10
OOX..XXO.,8.350447277392924E-7
X.XOOO.X.,0.9999999999999999
.X.XXOOO.,0.9986580247279475
X.OX...O.,0.057905294531153964
.OX.OX...,0.17210823236141323
.O.OXXXO.,4.860879396657901E-6
.OXXXO..O,1.8874234881730955E-4
O.OO.X.XX,0.40260507360136566
.XOX.O.XO,0.9999999737833084
OOOXOXXX.,0.9999999999999999
XXOOOOXX.,0.9999999999999999
XO.XOO.X.,5.827101937791212E-4
XO..OX...,0.948410315632203
.X.XX.OOO,0.9999999999999883
..XO..O.X,0.22159477942402434
..OXOOXX.,1.0393015607253086E-5
.XO..X..O,0.0010916245104777586
X..X.XOOO,0.9999999978409427
O.XX.XO.O,0.39720192532281073
.OXXXOOOX,3.4064608777060334E-14
.XO..XOOX,9.402740814790729E-8
.OXXOO.X.,2.1213109325329097E-6
XO.O.XXO.,2.828414576710546E-6
.XO.O.XOX,0.11865234375
..XOOOX.X,0.9999999999999999
XOOO.X..X,9.510372992734724E-9
.X.XO.OXO,0.9999999582530583
X..OO...X,0.9062364512499177
.X...X.OO,0.8540586170178588
OXOO.XXOX,0.5
OXX.OO..X,0.88134765625
..OXX.OOX,7.607844168216267E-5
XX.X.O.OO,0.6632029980903161
XOXXO.OOX,0.9999999999999999
OXXX.OO..,0.28125
.XOO.XX.O,0.11865234375
O.O.XXOX.,0.1213202187388383
.XXX.O.OO,3.069603210341761E-7
.OO.XXO.X,1.806459632975216E-5
..OXO.XXO,0.27476107529990235
OXX..OX.O,0.0052778684316730235
O...O.XX.,0.037496478072065936
.OOXXOXXO,0.9999999999999999
XXOX.OO..,0.735512327103746
.X.OO.OXX,0.9999880810842529
X.OOXOXXO,0.9999999999999918
XOXXO...O,0.022158453843749995
X.O..XOXO,1.2850765556586219E-5
..XX..OO.,0.7686344657517151
.XOXXOO..,1.5058039344628335E-8
O.XXOO.X.,0.9999962287805644
XXO.OXOXO,0.9999999999999999
OX.OO..XX,0.31549748195540495
OX.XXO.O.,0.28125
XXOOO.XXO,0.5
OXOXXOO.X,2.8053670106086596E-15
X...O..OX,0.9585117934354151
..O.XO..X,1.5747140865248415E-6
.X.O.X..O,0.04278051857138075
OX.XOXXOO,0.999999999999996
OX.OOXX..,4.671584723658302E-8
.X.O.XOOX,3.3424568290388064E-7
X.O.O...X,0.4422928362399824
..O..OXX.,0.40146189631593093
...OOXOXX,0.22058359022630714
....O.X..,0.09571252074775828
.O..X.X.O,3.3068442169984805E-6
..X.O..OX,0.22591458210334808
XOXXOO...,0.004965561783358753
OO..XX.XO,2.546040390510779E-5
X.OX.XO.O,0.2375718014706518
OO..X.X..,3.5502109909107753E-6
.XOXO....,0.40161197211894006
OOXXXO.XO,1.963756907426062E-15
O.X.OX...,0.6816148615378749
.X....O..,0.3287138718882918
..O.X.OX.,0.01887921047966401
.OO..XX..,0.2620370303950507
XO..X..O.,1.623422704671494E-4
XOOOOXXX.,1.3746298351982436E-15
XX.O..XOO,3.0987594858378945E-5
OX.OX.XO.,0.005496486026000975
OXXO.XOXO,0.9999999999999999
OO.O.XXX.,8.283056281874598E-7
.XX.OO...,0.007237518160584123
O..OXXX.O,3.599151758365793E-5
..O...XXO,0.8817352010105166
.O.OOX.XX,4.9125907017340366E-5
..OXOXO.X,0.9999999999997973
XO....X.O,4.966152050270738E-5
XX.O.OXO.,3.267754550968788E-8
X..OXX.OO,0.5259516803647557
O..OX..X.,0.15323193644240116
O.X.XXOO.,0.6091896236515022
XXOX..O.O,0.9999999962159913
.O.X.O.X.,0.010121834646361563
OXX.O....,0.42597365130059156
OO.OXXOXX,0.9999999999999999
.X.OXOX.O,0.07295491674906804
OOX..XOX.,6.908478176489778E-5
O.X..O.X.,0.19012624653586568
..OX.O..X,0.04800676942164824
OXX.X.O.O,0.08428602076551434
..X.X.OO.,0.40734202699456257
O.OX...X.,0.6404626301144669
.OOX.XO.X,0.23781747605173023
OO.X.XXO.,0.6287733984831476
OX.X.OX.O,0.9999999716519441
O..XO...X,0.5341464561151797
XX.OO..OX,0.03755548178757812
XX.OX..OO,0.0014861113761017956
..O.OXX..,0.28151841484255785
.XOXX.O.O,0.3472117867368507
...OXO.X.,2.412998227883824E-7
XX.OXO.O.,2.0080239677956723E-7
XO.O.XOX.,5.022621286031664E-5
OOXXOXXO.,0.9999999999999006
XXO.XO.O.,0.0038626646268027608
OXO.X.X.O,0.0027859245849004666
...OOXXOX,0.002335763172567659
XX.XOXOOO,0.9999999999999999
OOOX.X..X,0.9999999937053723
.OX....OX,8.843920936449382E-4
X..O...XO,0.5611800033107437
X.X..XOOO,0.999999999998794
O..OXO.XX,1.9335449019426887E-6
..O.O..XX,0.5947242403033202
OXOXX.O..,4.9125907017340387E-5
X.O.XXOO.,3.8518846697410106E-4
...OX..XO,3.065525956957245E-4
...X.OXO.,5.249446307455821E-6
OXXOXXOO.,0.9999999999999999
.O.OXXOX.,0.9990807013680627
.O.X...XO,0.6382892656491295
OXXX..O.O,0.9999999999101024
O.OXXOXXO,0.9999999999999999
..XXO.XOO,0.26847010068852495
..OO..X.X,2.8154933610395795E-4
OX.XOXOXO,0.9999999999999659
OXOOOX.XX,9.450196716060194E-51
XO.X.X.OO,0.41856133914352867
.XX.O.OOX,5.196343535943661E-4
OO..OXX.X,0.3394936549755719
OX.......,0.5845283542453429
O.X....XO,0.4344533132523428
...X..XOO,0.33058031139687216
.X.OO.XOX,0.7152523427403523
.XOOOXOXX,0.9999999999999999
X.XOXOOXO,1.963756907426062E-15
..X...OXO,0.0013386117578833138
.XX.O...O,0.14491754138398422
.....XO..,0.5908383455798027
X..OX.O..,9.555461876259386E-6
..XXOOXO.,0.027022504687500008
XOOXO.OXX,0.9999999999999999
X..O.O.X.,0.5259113608968083
....OOX.X,0.11844072179487354
XXO.X..OO,0.9999994966029722
OXX.XOO..,0.028704517734375004
X.XXO.O.O,0.008724891200976567
X...OOOXX,0.9999993288039628
..OXX.OXO,4.531703795103602E-5
.OXX..OOX,7.878751622404525E-6
X.XO..OOX,4.5477184006493084E-7
O.X.X..O.,4.888579837826887E-5
XX..OX.OO,5.554636561067737E-6
O..X.XXOO,5.879947828045294E-12
.O.O.XX..,3.5554590987156944E-8
X.X..O.O.,0.013697202231734028
OXOXO...X,0.9999383928230232
...O..XOX,0.21887654055930286
X.O.OX.OX,0.9999978786890674
XOXO.XO..,3.3238483407019073E-6
X.XXOOO..,2.5165646508974607E-4
OO.XO.XX.,0.01593002575301968
OX.O.OX.X,3.96225339868278E-5
.OOX..OXX,0.9999999545249936
.OXOXOOXX,7.240265422025083E-34
XXOO.X.O.,0.11865234375
O.OX.XO.X,0.07121554985996684
O.O.XXX.O,1.0362428813320292E-4
X.X....OO,0.664499174964026
...X.XO.O,0.323816931434339
OO.X.X.XO,0.5518660963145832
XOO.O.XX.,1.552621258819647E-4
XO.X..O..,0.0012399998550091027
.OOOX.XX.,0.005515806013015392
OXO.O.XX.,5.143093391884538E-5
..OX.OX..,0.09328337471955665
.OXX.O...,7.234957100699338E-4
.OX.OXOX.,4.7376496940145424E-4
X.OO..OXX,1.6223200942441259E-6
..X.OO.X.,0.5999961412628135
X.XO....O,5.6042519137096046E-5
.X...OO.X,0.21894466592375034
XX.OOXOOX,1.470948833928849E-22
OXX.OOOXX,0.5
XOX.O.X.O,7.18429617677124E-5
.O.O...XX,9.190657318666594E-6
XXOXOXO.O,0.9999999999999999
..XXXOOO.,0.9581779964603516
X.O..O.X.,0.5166913539410793
XOO..XOX.,2.123706211601016E-7
O.XXOXOXO,0.9999999999999999
XX.O..OXO,2.6124370569717047E-6
..XOO.OXX,0.21254073849975852
OO..XOX.X,0.21514559058831367
.OXO.OX.X,5.1656416571543663E-8
OXX.O.XO.,0.678403776236564
.XXO..OXO,1.2242743692343747E-8
.OOXOX..X,0.9999788108164496
O.O.XO.XX,5.208085067847753E-6
XX..O.O..,0.10498319751198996
.XO.O.OXX,0.999999999998794
OO.XX.O.X,0.0035966801061911007
XO.X.OO.X,2.1946827611012738E-5
XXO...OOX,0.5948473426118905
..O.....X,0.4344074612941952
XX.OOX..O,0.004732306208610536
XOXOOXXO.,0.9999999999997105
.X.XOO.OX,8.919033578251856E-4
.OOXX..OX,0.035639785564810234
X..XXOO.O,0.9999999999494327
X.XO.O...,0.015505506732347303
OX.O..X..,1.5659701434681823E-5
.OX.XO.XO,0.0026619222423434254
XOX..XOO.,0.40034359215454285
.X.O.XOXO,3.602686449504866E-11
..X.O..XO,0.2868135785286087
XXO.....O,0.9997488089336772
XOOOXX...,0.002885655163650513
XX.O.OOX.,5.546333566067049E-11
.XXOOX..O,7.813432917725368E-9
OXOO.XOXX,0.9999999999999999
XOX.OOX..,0.17769538922919725
.XXO.OOX.,0.56537809383928
OOO.XXOXX,0.9999999999999999
XXOOO.XOX,0.5
.O...XXO.,0.40959531991847176
.OXX....O,0.1671795833832542
O.XO.X.XO,0.9994003694688691
..O.XXO..,0.09608218084807532
...OOX..X,0.11256695308605377
OOX.O.X.X,0.2990890634219381
XO..O..X.,0.22342967615868908
O..OOXXX.,0.05298486177260878
.XXO.OXO.,3.466040525513062E-6
OOXX...XO,0.6323616596074427
XO.OXOX..,5.099743410274724E-7
OXXOOX.XO,0.9999999999999999
XOO..XXO.,0.005971549203308038
...XOXXOO,0.4795293112843957
..XO.X.O.,7.224924120404932E-5
.X..OOXXO,0.9999880810842529
XO...OX..,0.0035684063070363973
XX..OOO.X,0.162421259381193
O.OXOXXXO,0.9999999999999999
XO.OX.X.O,1.2187603837852411E-4
XO..X.OXO,0.28125
.XOO.OXX.,0.6719119147563478
.OXOX.OX.,0.9985692383634888
.O.X.XOOX,4.494133754052419E-8
OOX..X...,0.001588598495838352
.O.XOX.XO,0.07240803775075935
.XXOX..OO,3.142345447247456E-7
OOX.XX..O,2.496055848598148E-6
.XOO..XXO,0.03545226562500001
XO..XOOX.,0.0012173857721650603
XXO..O...,0.9985330718402973
.X.XOXO.O,0.9999497737871397
.OX..OXXO,3.961004994891599E-8
..XX.OO..,0.20428283904
.X..X.OO.,0.8828258720841105
XXO.OO.X.,0.9999932956098923
OOXX.O.X.,5.016956387766669E-4
.O..X.O.X,6.4979820308139E-5
.O.X.X..O,0.03144156761633915
XOO.XX.O.,1.9321508998644503E-4
....OX.XO,0.9999999999999925
XXOO..O.X,2.1712536340051942E-7
.XOOOXXOX,0.5
O.X.XO.OX,1.741086262550345E-4
OXX.O.OX.,0.9999999496034562
X.OOOX..X,0.8838152855313635
XXO.O..XO,0.9999991050719503
XOXO.OXXO,5.777171866196174E-37
XXOOXOX.O,0.9999999999999999
OXO..X.OX,0.0889892578125
.OXOOXX..,0.0162135028125
.X..OXO..,0.47509521870964366
OXOOXX.OX,0.5
.X.XO..O.,0.23298884857556346
OXO.XO..X,0.0030917733896255505
O.XOX....,0.0014947414222624658
..O.X..OX,1.5504635705961707E-5
.O.OXX...,1.9021026365674356E-4
...OX..OX,4.781117998740292E-7
.OXOO..XX,2.5139896781784057E-5
O..X.XOXO,1.6598480688090098E-8
..X...OOX,4.4330508301804524E-6
..OX..X.O,0.2408245722382284
OO.OXXXOX,5.230919145657197E-32
X...O.XO.,7.599012700951096E-4
OXXO.X..O,0.9999999966495179
X..OOX.XO,0.158203125
..XOO.XOX,0.30437433780883827
XOOXO...X,0.45535691799532924
.XXO..XOO,2.6094905496981803E-5
.OXXX..OO,0.2596753871860783
..OO.X.X.,0.1953788252770737
.XXOXO.O.,4.045729684278155E-6
O.X....OX,6.320373067984315E-4
OX..OX...,0.9121946471195597
..X.....O,0.10970045798734529
..OXXO...,0.8545251816234553
.OO...XX.,0.2310987373395177
O....XOX.,0.6669035997086049
XO.XO..XO,7.251504633695729E-4
O.XXOX..O,0.9999999999128742
X.XOXO.O.,3.183402880454516E-7
..XOO...X,0.5172613825031933
O.XO..X..,2.775206653621775E-4
.O..XX.O.,1.0179836273884864E-7
OXX..OO.X,0.841796875
.OXOXO..X,2.4355245130516335E-5
OXXXO.OOX,2.091889236295461E-11
X.XO..OXO,0.0011362267206873895
.XXOOXOXO,9.492960852734734E-62
X.XOX..OO,0.08090272068592107
XOXOXXOO.,1.1790146665706478E-36
.O.OOXXX.,5.444769504739116E-5
.OOXXO.X.,0.999998732185263
OX..OXXO.,0.9994623157239884
O.O..XX..,0.952906784745787
OX.XXOXOO,4.910515062768213E-36
X..OOOX.X,0.9999999999999999
OXXXO...O,0.999999999998794
X....OO.X,4.052566396993656E-5
OOO.XXXOX,0.999999999999996
.OXX.OOX.,0.5
.OOXX..XO,0.44601075629054154
OX..XO.OX,0.375
OXOXXOX.O,0.9999999999999999
.XOX.XOO.,0.6324804161221083
X.XO.OOX.,0.13261375699525357
.O...XOX.,0.170497518642685
X.O.OX.XO,0.9524835754457802
OX.OX....,4.951446044179535E-4
.X.O.XXOO,2.1189183550446082E-5
OXXOOOX.X,0.9999999999999999
OXOXO.OXX,0.9999999999999999
XX.O....O,0.23628623811816155
OO.X.X.OX,0.3905236645327309
..OXO..X.,0.29080478918509833
..X.XOOXO,0.002513726275891112
.OOXOXOXX,0.9999999999999999
..O.OX..X,0.6898713733586863
XO.XXO..O,0.007944616378125002
..OXXOXO.,0.0012581965259456365
X.....O..,0.22155556080990757
.OX.XO.OX,2.2466914809263672E-5
...O..OXX,0.7181230896997681
.OX...XO.,0.3190876659789522
XO.XOXO..,0.9999330317161863
XOOO...XX,4.279412344621653E-5
O..OXX...,0.9999999678686746
O.O....XX,0.47366911464195677
X..XOO...,2.559580952639578E-4
XO.XX.OO.,0.061204220925959896
X...OOXOX,0.4528377354360313
O.OXOXOXX,0.9999999999999999
XX...O.O.,4.454802975836192E-5
X..O.X..O,0.0034587645138205413
OX...OOXX,0.06752812500000001
OX.O.X.XO,0.6507060302764573
.XXXO.O.O,0.1299837735555677
.......XO,0.5414850126315102
O.XX..XOO,7.463957134753588E-7
OX.OXO..X,2.727440780124474E-6
...X.O.OX,1.0477094728993374E-7
..O...OXX,0.536592076112098
X.OOX..XO,0.007414975286250002
.XO.O...X,0.7273794070886656
OX..X..O.,0.555803275286476
OXO...X..,2.211227640899877E-4
.X..O..XO,0.6814689244687872
X.OOXO.X.,5.002339158511865E-4
.O.XOOX.X,0.2548872177440012
XX.....OO,0.46194165197852405
O.XX.OXO.,2.0245228640807567E-5
XO..OO.XX,0.038961202854492186
.X.OXOO.X,0.03913161542697289
XX.O.O...,0.24603273726937078
.OXX..OXO,0.066741943359375
XOOOXXOX.,1.6172382548123818E-16
.XO..XXOO,3.7627172908250017E-4
X.X.OX.OO,0.5329151787450124
..XXOO.OX,0.20861756801605225
XOX.X.O.O,0.9624576568603516
XO..OXX.O,0.007414975286250002
.XOO.XO.X,0.9999939550917119
O...XX.O.,0.003753396934363874
..OXX.XOO,0.0013784650766233994
X.OO..XOX,2.1715809159252467E-6
X.XX.O.OO,4.971936711776518E-4
.X.OX.O..,0.2685613874462463
OX.X.O...,0.5110111782789789
O.OXXO.X.,0.40934437141847296
XXOXX.OOO,0.9999999999999999
O..XOOX.X,3.897257651957748E-4
X....X.OO,0.17905082559992241
O.XXX..OO,0.3570407338213192
X.X.O.O..,0.21729735394149588
OXO.X....,2.4524207655657955E-4
OX....XO.,0.3138934286290157
.O.XO.X..,0.09115007390061378
XXOXXOOO.,3.4842363765028187E-69
O.XOXO..X,0.43149065483692023
OO...X.X.,0.723792529064004
..O.XOXXO,0.9999999999999998
.OO.OXXX.,2.784815291068002E-7
OXOO.X..X,0.9992718445242755
XXOXO..O.,0.32066834643480596
.OX.OXXO.,0.9999999999999997
O.X..XO..,0.2686528369226143
.OXO..X..,4.668161543908278E-10
X.OX.O.XO,0.9999999999997973
OXOX.X.O.,3.323848340701909E-6
OXX..X.OO,0.9995072765640803
O.OXOXXOX,0.5
O.OXX..XO,0.3250824725184706
O.XX..OXO,2.7193745275553827E-8
OX.X..OOX,8.939186810344441E-6
XXOOO.OXX,0.9999999999964841
X.XOOX..O,5.978669082988485E-6
O.XXXO.O.,9.130393291237949E-4
.OOX..XOX,0.5657346482561616
...X...O.,0.2999309206877844
X..O.XOOX,1.644155571919674E-4
O.X.XO.XO,6.550120935645387E-5
.XOXOOX..,3.288860582509032E-7
O....XXO.,0.03691105819583103
.XOOOXXXO,0.5
....OX.OX,0.19021846066604703
OOOXOX.XX,0.9999999999999999
O.XOO..XX,0.14440871940985026
OOX.XXOXO,1.2962705280985653E-30
.OX..OXOX,0.0011612107821788735
OX.X....O,0.23338338053677804
OXXOO.X..,0.999999999999099
X.OXOX.O.,0.4051510380684161
..OXOO.XX,0.20022193273075412
..XXOXO.O,0.9999932956098923
OXX...O..,0.8540534053314779
XX.OXOXOO,8.791605808106053E-33
XOOO.XX..,2.1165284760890635E-4
.X..XOOOX,6.31686625868606E-4
X..OO.X..,0.5179965095755681
O.OX.OXX.,0.46435218347465074
...OXXO..,0.7818460773200644
O.XO.OX.X,4.426552549710174E-6
OXXXXOO.O,8.215923874690886E-26
.X.OXX.OO,0.9998528189464464
.X..XO..O,0.4670097514203415
OOX.OX.X.,2.936103842816415E-6
.XXXOOO..,6.847794968428464E-4
XO..X.XOO,1.8741557032759602E-7
.XXOOXXOO,1.6767191581001805E-25
X.OOOXOXX,0.9999999999999999
O..X.XOOX,5.263490037572182E-5
.XX.OOX.O,0.20175896251515646
XXOXOO.OX,6.126400807700329E-22
O.OX..XXO,0.9999988067626004
XX.O..OOX,6.192443394303296E-6
.....O.X.,0.4279179982328154
..OOXOX.X,3.9941181883135414E-5
O..X.X..O,0.4288832207630531
OXO..X.XO,1.167349386371308E-8
X..XO.OXO,0.5799652501151158
O.XX.OOX.,0.375
XOOX.XOXO,3.661643401960038E-32
OXXXOO...,0.88134765625
X.OXO.O.X,0.9999999999997973
..OXOXX.O,2.040656923118897E-6
OO.OXXXXO,3.015520792180376E-33
O...X.O.X,0.7941268210173384
OXX.OOXOX,0.5
..XXX.OOO,0.9999999999999999
OX...OXOX,0.158203125
.OXOX....,9.427929282935853E-6
O.XOX.OX.,0.9999999999999999
.X...OX.O,0.5962241175244215
..OXXOOX.,0.3560849616531434
X.X.OOO.X,3.640582218444023E-5
..XXO..O.,0.344662225832989
X.O.O.X..,0.0056358749726438135
XXO.XOXOO,0.9999999999999999
XO..XOXO.,7.643350315971292E-8
OOOOXXX.X,0.9999999999999999
OX..OXOX.,0.9999971715854232
OXOXO.XOX,0.5
O.X..OXXO,6.336741071719407E-7
XOXO...OX,7.435462865320278E-8
.XOXO.X.O,0.05684899332587703
